시간,dB
23:00:00,33.6
23:00:05,32.5
23:00:10,32.9
23:00:15,31.2
23:00:20,34.7
23:00:25,33.7
23:00:30,35.0
23:00:35,36.4
23:00:40,37.8
23:00:45,32.6
23:00:50,37.4
23:00:55,35.9
23:01:00,37.3
23:01:05,34.4
23:01:10,33.6
23:01:15,31.2
23:01:20,38.1
23:01:25,36.7
23:01:30,34.1
23:01:35,33.8
23:01:40,29.6
23:01:45,31.0
23:01:50,32.8
23:01:55,30.6
23:02:00,34.2
23:02:05,38.3
23:02:10,31.7
23:02:15,33.2
23:02:20,35.0
23:02:25,30.4
23:02:30,40.0
23:02:35,34.0
23:02:40,33.0
23:02:45,35.3
23:02:50,29.4
23:02:55,32.0
23:03:00,34.6
23:03:05,32.6
23:03:10,30.5
23:03:15,36.4
23:03:20,30.9
23:03:25,32.1
23:03:30,34.2
23:03:35,38.1
23:03:40,35.1
23:03:45,34.8
23:03:50,31.7
23:03:55,35.4
23:04:00,33.0
23:04:05,34.4
23:04:10,33.4
23:04:15,30.0
23:04:20,33.6
23:04:25,34.5
23:04:30,30.6
23:04:35,34.6
23:04:40,35.2
23:04:45,29.9
23:04:50,37.0
23:04:55,32.8
23:05:00,30.4
23:05:05,47.5
23:05:10,34.3
23:05:15,32.5
23:05:20,30.4
23:05:25,34.5
23:05:30,31.3
23:05:35,36.9
23:05:40,33.0
23:05:45,33.2
23:05:50,32.9
23:05:55,34.6
23:06:00,40.8
23:06:05,33.4
23:06:10,36.0
23:06:15,29.0
23:06:20,33.9
23:06:25,30.2
23:06:30,33.0
23:06:35,32.3
23:06:40,36.5
23:06:45,37.9
23:06:50,30.2
23:06:55,31.8
23:07:00,33.6
23:07:05,32.9
23:07:10,34.8
23:07:15,33.4
23:07:20,32.1
23:07:25,31.6
23:07:30,32.7
23:07:35,32.2
23:07:40,33.5
23:07:45,32.9
23:07:50,30.5
23:07:55,32.4
23:08:00,28.8
23:08:05,31.7
23:08:10,35.5
23:08:15,35.7
23:08:20,34.0
23:08:25,33.5
23:08:30,33.8
23:08:35,31.4
23:08:40,31.3
23:08:45,29.8
23:08:50,30.8
23:08:55,33.0
23:09:00,36.1
23:09:05,34.0
23:09:10,33.6
23:09:15,33.5
23:09:20,36.1
23:09:25,33.7
23:09:30,35.4
23:09:35,35.9
23:09:40,32.3
23:09:45,30.3
23:09:50,30.0
23:09:55,33.8
23:10:00,31.6
23:10:05,34.1
23:10:10,34.4
23:10:15,33.1
23:10:20,34.5
23:10:25,32.8
23:10:30,37.5
23:10:35,33.4
23:10:40,31.1
23:10:45,36.6
23:10:50,30.5
23:10:55,36.0
23:11:00,29.7
23:11:05,34.0
23:11:10,33.8
23:11:15,32.3
23:11:20,34.2
23:11:25,35.1
23:11:30,30.4
23:11:35,30.0
23:11:40,32.1
23:11:45,31.6
23:11:50,31.8
23:11:55,33.2
23:12:00,38.8
23:12:05,30.9
23:12:10,32.7
23:12:15,34.9
23:12:20,34.2
23:12:25,33.6
23:12:30,31.8
23:12:35,28.4
23:12:40,34.1
23:12:45,32.7
23:12:50,34.8
23:12:55,27.5
23:13:00,30.6
23:13:05,34.4
23:13:10,36.8
23:13:15,30.6
23:13:20,32.9
23:13:25,32.2
23:13:30,36.2
23:13:35,35.0
23:13:40,36.4
23:13:45,30.8
23:13:50,35.7
23:13:55,33.7
23:14:00,34.5
23:14:05,34.2
23:14:10,37.1
23:14:15,34.3
23:14:20,36.4
23:14:25,33.6
23:14:30,30.6
23:14:35,36.2
23:14:40,31.8
23:14:45,32.3
23:14:50,33.9
23:14:55,37.8
23:15:00,33.1
23:15:05,32.0
23:15:10,35.8
23:15:15,31.5
23:15:20,32.4
23:15:25,32.7
23:15:30,35.3
23:15:35,34.6
23:15:40,33.4
23:15:45,31.6
23:15:50,33.0
23:15:55,29.1
23:16:00,30.5
23:16:05,33.5
23:16:10,33.6
23:16:15,34.4
23:16:20,29.9
23:16:25,33.8
23:16:30,32.5
23:16:35,33.5
23:16:40,32.7
23:16:45,32.7
23:16:50,29.1
23:16:55,34.2
23:17:00,31.8
23:17:05,30.7
23:17:10,49.0
23:17:15,37.8
23:17:20,30.2
23:17:25,36.1
23:17:30,33.7
23:17:35,29.2
23:17:40,31.2
23:17:45,29.5
23:17:50,32.0
23:17:55,30.8
23:18:00,32.7
23:18:05,38.0
23:18:10,38.6
23:18:15,29.1
23:18:20,31.1
23:18:25,32.0
23:18:30,37.2
23:18:35,35.2
23:18:40,33.8
23:18:45,29.9
23:18:50,32.4
23:18:55,31.1
23:19:00,30.7
23:19:05,31.7
23:19:10,29.2
23:19:15,34.4
23:19:20,29.3
23:19:25,31.2
23:19:30,32.5
23:19:35,34.7
23:19:40,41.6
23:19:45,30.1
23:19:50,27.7
23:19:55,32.8
23:20:00,35.4
23:20:05,40.0
23:20:10,30.6
23:20:15,32.8
23:20:20,32.4
23:20:25,31.0
23:20:30,33.6
23:20:35,33.5
23:20:40,33.1
23:20:45,35.6
23:20:50,31.2
23:20:55,30.6
23:21:00,33.0
23:21:05,32.3
23:21:10,31.5
23:21:15,36.0
23:21:20,36.8
23:21:25,34.9
23:21:30,33.9
23:21:35,30.5
23:21:40,30.0
23:21:45,34.9
23:21:50,31.4
23:21:55,35.4
23:22:00,36.1
23:22:05,31.9
23:22:10,37.5
23:22:15,30.7
23:22:20,33.2
23:22:25,32.1
23:22:30,32.7
23:22:35,35.9
23:22:40,33.7
23:22:45,32.4
23:22:50,33.6
23:22:55,33.3
23:23:00,31.0
23:23:05,33.3
23:23:10,34.1
23:23:15,34.7
23:23:20,36.8
23:23:25,32.0
23:23:30,29.7
23:23:35,33.5
23:23:40,34.8
23:23:45,30.8
23:23:50,33.8
23:23:55,27.3
23:24:00,35.3
23:24:05,37.4
23:24:10,33.8
23:24:15,33.8
23:24:20,36.7
23:24:25,35.8
23:24:30,32.8
23:24:35,29.9
23:24:40,35.2
23:24:45,34.1
23:24:50,32.2
23:24:55,34.8
23:25:00,34.0
23:25:05,34.8
23:25:10,28.7
23:25:15,32.4
23:25:20,29.1
23:25:25,33.9
23:25:30,28.2
23:25:35,29.6
23:25:40,32.8
23:25:45,34.5
23:25:50,34.4
23:25:55,31.5
23:26:00,31.7
23:26:05,33.4
23:26:10,33.6
23:26:15,34.3
23:26:20,34.1
23:26:25,34.9
23:26:30,35.6
23:26:35,35.5
23:26:40,29.2
23:26:45,30.3
23:26:50,35.0
23:26:55,37.7
23:27:00,37.3
23:27:05,31.1
23:27:10,32.4
23:27:15,30.2
23:27:20,34.5
23:27:25,36.2
23:27:30,30.9
23:27:35,32.4
23:27:40,33.0
23:27:45,33.2
23:27:50,30.5
23:27:55,30.1
23:28:00,29.4
23:28:05,30.2
23:28:10,35.7
23:28:15,33.2
23:28:20,32.1
23:28:25,33.0
23:28:30,33.4
23:28:35,32.8
23:28:40,30.4
23:28:45,33.9
23:28:50,29.8
23:28:55,36.7
23:29:00,35.1
23:29:05,34.3
23:29:10,32.6
23:29:15,34.3
23:29:20,31.4
23:29:25,31.0
23:29:30,30.5
23:29:35,34.2
23:29:40,32.7
23:29:45,29.1
23:29:50,30.9
23:29:55,31.7
23:30:00,35.8
23:30:05,32.7
23:30:10,29.4
23:30:15,31.5
23:30:20,32.2
23:30:25,32.6
23:30:30,34.1
23:30:35,29.4
23:30:40,32.3
23:30:45,31.2
23:30:50,31.4
23:30:55,36.4
23:31:00,29.8
23:31:05,34.7
23:31:10,31.6
23:31:15,31.4
23:31:20,32.8
23:31:25,33.8
23:31:30,33.4
23:31:35,36.7
23:31:40,32.0
23:31:45,31.3
23:31:50,32.1
23:31:55,30.8
23:32:00,34.2
23:32:05,30.0
23:32:10,33.1
23:32:15,34.9
23:32:20,31.7
23:32:25,35.7
23:32:30,34.9
23:32:35,38.0
23:32:40,35.9
23:32:45,35.0
23:32:50,38.4
23:32:55,32.8
23:33:00,31.1
23:33:05,30.5
23:33:10,32.2
23:33:15,33.6
23:33:20,29.0
23:33:25,33.9
23:33:30,35.9
23:33:35,32.1
23:33:40,34.3
23:33:45,38.3
23:33:50,35.8
23:33:55,32.5
23:34:00,33.3
23:34:05,31.5
23:34:10,32.3
23:34:15,31.4
23:34:20,35.2
23:34:25,30.8
23:34:30,41.0
23:34:35,36.0
23:34:40,35.5
23:34:45,34.1
23:34:50,35.6
23:34:55,32.3
23:35:00,32.7
23:35:05,32.8
23:35:10,31.1
23:35:15,35.3
23:35:20,30.4
23:35:25,30.9
23:35:30,32.9
23:35:35,32.1
23:35:40,33.7
23:35:45,28.9
23:35:50,32.3
23:35:55,33.5
23:36:00,31.6
23:36:05,29.9
23:36:10,32.5
23:36:15,36.2
23:36:20,34.9
23:36:25,31.8
23:36:30,31.2
23:36:35,34.6
23:36:40,32.2
23:36:45,27.4
23:36:50,27.8
23:36:55,32.1
23:37:00,28.5
23:37:05,33.2
23:37:10,35.2
23:37:15,35.6
23:37:20,35.3
23:37:25,30.0
23:37:30,31.5
23:37:35,36.5
23:37:40,32.0
23:37:45,34.5
23:37:50,32.2
23:37:55,31.7
23:38:00,30.9
23:38:05,33.9
23:38:10,30.3
23:38:15,33.9
23:38:20,30.7
23:38:25,30.9
23:38:30,32.3
23:38:35,34.2
23:38:40,33.8
23:38:45,33.3
23:38:50,32.8
23:38:55,36.1
23:39:00,32.8
23:39:05,34.2
23:39:10,32.5
23:39:15,32.6
23:39:20,35.5
23:39:25,28.9
23:39:30,33.9
23:39:35,34.6
23:39:40,36.7
23:39:45,32.3
23:39:50,31.3
23:39:55,31.6
23:40:00,29.9
23:40:05,30.9
23:40:10,33.2
23:40:15,32.4
23:40:20,29.4
23:40:25,31.0
23:40:30,35.0
23:40:35,28.4
23:40:40,35.9
23:40:45,33.7
23:40:50,32.1
23:40:55,37.2
23:41:00,34.1
23:41:05,30.2
23:41:10,36.4
23:41:15,33.9
23:41:20,34.6
23:41:25,30.5
23:41:30,33.6
23:41:35,31.4
23:41:40,33.6
23:41:45,30.1
23:41:50,35.2
23:41:55,30.2
23:42:00,33.7
23:42:05,35.0
23:42:10,31.6
23:42:15,34.6
23:42:20,30.6
23:42:25,31.6
23:42:30,31.5
23:42:35,31.9
23:42:40,31.1
23:42:45,34.7
23:42:50,34.7
23:42:55,34.1
23:43:00,31.0
23:43:05,32.3
23:43:10,34.9
23:43:15,30.8
23:43:20,30.6
23:43:25,31.4
23:43:30,33.9
23:43:35,33.8
23:43:40,28.0
23:43:45,28.3
23:43:50,31.5
23:43:55,32.1
23:44:00,32.9
23:44:05,30.9
23:44:10,34.0
23:44:15,34.3
23:44:20,28.0
23:44:25,32.5
23:44:30,36.6
23:44:35,34.0
23:44:40,34.7
23:44:45,33.2
23:44:50,32.0
23:44:55,28.4
23:45:00,33.6
23:45:05,28.6
23:45:10,34.9
23:45:15,31.8
23:45:20,29.1
23:45:25,32.8
23:45:30,32.6
23:45:35,35.2
23:45:40,32.6
23:45:45,33.1
23:45:50,34.5
23:45:55,28.7
23:46:00,35.7
23:46:05,35.4
23:46:10,32.5
23:46:15,32.6
23:46:20,36.0
23:46:25,31.8
23:46:30,32.0
23:46:35,31.2
23:46:40,31.5
23:46:45,32.5
23:46:50,31.0
23:46:55,29.3
23:47:00,30.9
23:47:05,28.5
23:47:10,30.7
23:47:15,33.1
23:47:20,32.2
23:47:25,31.3
23:47:30,31.4
23:47:35,30.8
23:47:40,34.8
23:47:45,31.5
23:47:50,31.2
23:47:55,32.3
23:48:00,34.2
23:48:05,32.2
23:48:10,35.2
23:48:15,33.2
23:48:20,33.7
23:48:25,29.4
23:48:30,32.6
23:48:35,32.6
23:48:40,31.0
23:48:45,32.4
23:48:50,31.8
23:48:55,35.6
23:49:00,32.7
23:49:05,27.9
23:49:10,34.1
23:49:15,35.5
23:49:20,35.2
23:49:25,28.8
23:49:30,34.1
23:49:35,30.4
23:49:40,38.0
23:49:45,31.9
23:49:50,31.5
23:49:55,31.5
23:50:00,32.3
23:50:05,30.8
23:50:10,27.9
23:50:15,32.2
23:50:20,35.5
23:50:25,30.4
23:50:30,33.7
23:50:35,31.4
23:50:40,30.9
23:50:45,29.0
23:50:50,33.6
23:50:55,31.4
23:51:00,32.5
23:51:05,36.7
23:51:10,29.4
23:51:15,31.5
23:51:20,30.4
23:51:25,29.3
23:51:30,33.2
23:51:35,30.1
23:51:40,30.7
23:51:45,32.3
23:51:50,29.5
23:51:55,31.7
23:52:00,31.3
23:52:05,32.2
23:52:10,30.9
23:52:15,30.7
23:52:20,32.3
23:52:25,30.1
23:52:30,33.7
23:52:35,29.8
23:52:40,28.3
23:52:45,29.3
23:52:50,30.3
23:52:55,30.7
23:53:00,28.0
23:53:05,31.2
23:53:10,32.5
23:53:15,34.2
23:53:20,32.6
23:53:25,31.0
23:53:30,31.4
23:53:35,29.4
23:53:40,32.5
23:53:45,31.1
23:53:50,32.6
23:53:55,34.4
23:54:00,31.0
23:54:05,30.6
23:54:10,35.8
23:54:15,29.7
23:54:20,30.2
23:54:25,32.4
23:54:30,34.5
23:54:35,34.1
23:54:40,32.6
23:54:45,34.3
23:54:50,32.5
23:54:55,32.5
23:55:00,34.9
23:55:05,33.3
23:55:10,30.9
23:55:15,31.5
23:55:20,32.1
23:55:25,32.9
23:55:30,28.8
23:55:35,33.3
23:55:40,29.8
23:55:45,33.4
23:55:50,36.9
23:55:55,31.5
23:56:00,30.3
23:56:05,32.7
23:56:10,34.3
23:56:15,35.1
23:56:20,32.8
23:56:25,31.9
23:56:30,34.5
23:56:35,32.0
23:56:40,35.3
23:56:45,33.8
23:56:50,34.0
23:56:55,33.0
23:57:00,32.8
23:57:05,42.4
23:57:10,32.2
23:57:15,35.0
23:57:20,33.2
23:57:25,32.7
23:57:30,36.1
23:57:35,32.4
23:57:40,31.9
23:57:45,34.8
23:57:50,29.5
23:57:55,31.2
23:58:00,33.7
23:58:05,33.7
23:58:10,30.8
23:58:15,30.5
23:58:20,30.5
23:58:25,31.2
23:58:30,30.8
23:58:35,30.3
23:58:40,32.2
23:58:45,28.5
23:58:50,34.1
23:58:55,30.1
23:59:00,31.9
23:59:05,34.2
23:59:10,30.7
23:59:15,37.4
23:59:20,29.6
23:59:25,31.2
23:59:30,31.6
23:59:35,29.0
23:59:40,32.7
23:59:45,33.0
23:59:50,31.0
23:59:55,28.1
00:00:00,31.2
00:00:05,32.3
00:00:10,34.5
00:00:15,32.9
00:00:20,31.8
00:00:25,32.4
00:00:30,34.5
00:00:35,31.2
00:00:40,29.1
00:00:45,29.8
00:00:50,31.7
00:00:55,32.0
00:01:00,30.7
00:01:05,34.1
00:01:10,32.7
00:01:15,31.3
00:01:20,36.1
00:01:25,30.3
00:01:30,32.0
00:01:35,33.9
00:01:40,28.4
00:01:45,33.9
00:01:50,28.3
00:01:55,32.3
00:02:00,32.6
00:02:05,31.3
00:02:10,32.3
00:02:15,30.4
00:02:20,31.6
00:02:25,30.8
00:02:30,33.1
00:02:35,31.6
00:02:40,29.9
00:02:45,33.8
00:02:50,33.7
00:02:55,33.4
00:03:00,33.4
00:03:05,33.0
00:03:10,29.4
00:03:15,34.9
00:03:20,33.0
00:03:25,35.0
00:03:30,33.5
00:03:35,31.0
00:03:40,31.6
00:03:45,31.5
00:03:50,28.4
00:03:55,31.3
00:04:00,31.3
00:04:05,34.3
00:04:10,32.7
00:04:15,30.9
00:04:20,34.0
00:04:25,34.0
00:04:30,34.9
00:04:35,30.8
00:04:40,33.2
00:04:45,31.5
00:04:50,32.0
00:04:55,34.1
00:05:00,32.2
00:05:05,32.1
00:05:10,31.6
00:05:15,31.6
00:05:20,32.2
00:05:25,36.1
00:05:30,33.1
00:05:35,31.4
00:05:40,31.5
00:05:45,31.5
00:05:50,31.7
00:05:55,28.4
00:06:00,35.5
00:06:05,28.7
00:06:10,31.3
00:06:15,33.2
00:06:20,34.3
00:06:25,31.4
00:06:30,31.9
00:06:35,31.7
00:06:40,31.8
00:06:45,31.8
00:06:50,33.8
00:06:55,34.5
00:07:00,31.0
00:07:05,38.3
00:07:10,33.5
00:07:15,29.8
00:07:20,37.1
00:07:25,30.4
00:07:30,35.8
00:07:35,32.3
00:07:40,31.8
00:07:45,31.2
00:07:50,33.2
00:07:55,28.1
00:08:00,33.2
00:08:05,33.1
00:08:10,30.9
00:08:15,32.5
00:08:20,30.8
00:08:25,30.1
00:08:30,40.0
00:08:35,31.3
00:08:40,30.8
00:08:45,33.0
00:08:50,35.5
00:08:55,33.0
00:09:00,28.6
00:09:05,31.1
00:09:10,29.8
00:09:15,27.9
00:09:20,30.4
00:09:25,32.4
00:09:30,35.1
00:09:35,28.8
00:09:40,31.8
00:09:45,43.9
00:09:50,29.3
00:09:55,31.8
00:10:00,30.9
00:10:05,31.2
00:10:10,33.2
00:10:15,34.5
00:10:20,30.1
00:10:25,34.3
00:10:30,31.9
00:10:35,34.0
00:10:40,36.2
00:10:45,31.5
00:10:50,32.7
00:10:55,30.5
00:11:00,33.9
00:11:05,31.7
00:11:10,32.3
00:11:15,32.9
00:11:20,31.4
00:11:25,32.3
00:11:30,28.1
00:11:35,29.5
00:11:40,32.6
00:11:45,31.0
00:11:50,34.6
00:11:55,29.9
00:12:00,34.4
00:12:05,31.1
00:12:10,30.3
00:12:15,30.9
00:12:20,31.3
00:12:25,32.9
00:12:30,31.4
00:12:35,29.2
00:12:40,32.2
00:12:45,32.2
00:12:50,29.1
00:12:55,30.0
00:13:00,30.4
00:13:05,32.0
00:13:10,31.8
00:13:15,33.5
00:13:20,31.6
00:13:25,32.2
00:13:30,33.0
00:13:35,32.5
00:13:40,30.9
00:13:45,31.6
00:13:50,30.1
00:13:55,34.0
00:14:00,33.2
00:14:05,30.0
00:14:10,32.0
00:14:15,33.9
00:14:20,35.5
00:14:25,31.8
00:14:30,29.1
00:14:35,27.3
00:14:40,28.8
00:14:45,31.2
00:14:50,31.7
00:14:55,31.0
00:15:00,32.4
00:15:05,30.6
00:15:10,31.1
00:15:15,32.9
00:15:20,34.5
00:15:25,47.5
00:15:30,35.3
00:15:35,29.9
00:15:40,33.1
00:15:45,31.1
00:15:50,31.3
00:15:55,30.6
00:16:00,39.5
00:16:05,32.5
00:16:10,30.7
00:16:15,32.7
00:16:20,32.8
00:16:25,31.8
00:16:30,30.0
00:16:35,31.6
00:16:40,32.6
00:16:45,33.7
00:16:50,31.8
00:16:55,31.2
00:17:00,33.3
00:17:05,31.4
00:17:10,32.3
00:17:15,32.3
00:17:20,28.7
00:17:25,32.3
00:17:30,30.5
00:17:35,30.2
00:17:40,25.7
00:17:45,27.9
00:17:50,30.0
00:17:55,30.9
00:18:00,34.6
00:18:05,32.7
00:18:10,31.3
00:18:15,30.9
00:18:20,32.1
00:18:25,30.1
00:18:30,31.4
00:18:35,32.0
00:18:40,30.9
00:18:45,34.2
00:18:50,30.6
00:18:55,30.9
00:19:00,33.0
00:19:05,33.5
00:19:10,29.0
00:19:15,35.0
00:19:20,32.5
00:19:25,32.3
00:19:30,28.9
00:19:35,33.5
00:19:40,32.6
00:19:45,32.9
00:19:50,28.4
00:19:55,32.0
00:20:00,31.1
00:20:05,32.7
00:20:10,34.7
00:20:15,28.9
00:20:20,33.3
00:20:25,29.5
00:20:30,33.4
00:20:35,34.1
00:20:40,32.1
00:20:45,29.5
00:20:50,31.4
00:20:55,37.8
00:21:00,32.1
00:21:05,27.9
00:21:10,32.8
00:21:15,34.3
00:21:20,30.9
00:21:25,30.7
00:21:30,32.2
00:21:35,31.4
00:21:40,32.3
00:21:45,30.7
00:21:50,30.5
00:21:55,30.0
00:22:00,30.7
00:22:05,28.8
00:22:10,33.0
00:22:15,34.8
00:22:20,32.6
00:22:25,30.5
00:22:30,32.9
00:22:35,31.4
00:22:40,32.5
00:22:45,32.9
00:22:50,32.8
00:22:55,33.3
00:23:00,28.6
00:23:05,37.1
00:23:10,31.2
00:23:15,31.8
00:23:20,34.7
00:23:25,34.7
00:23:30,32.7
00:23:35,31.2
00:23:40,29.1
00:23:45,37.9
00:23:50,30.3
00:23:55,31.0
00:24:00,32.9
00:24:05,33.7
00:24:10,31.1
00:24:15,29.1
00:24:20,32.3
00:24:25,30.3
00:24:30,35.5
00:24:35,32.4
00:24:40,28.8
00:24:45,31.7
00:24:50,31.7
00:24:55,32.5
00:25:00,28.4
00:25:05,33.9
00:25:10,28.0
00:25:15,31.1
00:25:20,31.7
00:25:25,28.8
00:25:30,36.4
00:25:35,34.4
00:25:40,32.5
00:25:45,30.7
00:25:50,27.9
00:25:55,31.0
00:26:00,33.7
00:26:05,37.0
00:26:10,35.7
00:26:15,29.9
00:26:20,32.1
00:26:25,36.8
00:26:30,31.0
00:26:35,31.0
00:26:40,31.2
00:26:45,35.3
00:26:50,31.4
00:26:55,34.5
00:27:00,29.6
00:27:05,32.6
00:27:10,29.8
00:27:15,35.2
00:27:20,29.4
00:27:25,27.6
00:27:30,32.7
00:27:35,28.5
00:27:40,33.1
00:27:45,32.0
00:27:50,32.2
00:27:55,31.1
00:28:00,32.6
00:28:05,31.9
00:28:10,28.6
00:28:15,31.9
00:28:20,25.9
00:28:25,35.1
00:28:30,29.0
00:28:35,28.7
00:28:40,34.0
00:28:45,28.3
00:28:50,32.6
00:28:55,31.9
00:29:00,33.7
00:29:05,33.5
00:29:10,31.0
00:29:15,31.1
00:29:20,41.2
00:29:25,26.3
00:29:30,31.6
00:29:35,31.8
00:29:40,31.0
00:29:45,28.8
00:29:50,31.2
00:29:55,32.0
00:30:00,29.3
00:30:05,27.4
00:30:10,29.9
00:30:15,32.2
00:30:20,36.5
00:30:25,31.5
00:30:30,35.1
00:30:35,32.4
00:30:40,32.9
00:30:45,29.2
00:30:50,28.9
00:30:55,28.4
00:31:00,29.2
00:31:05,31.0
00:31:10,33.1
00:31:15,34.7
00:31:20,37.0
00:31:25,33.6
00:31:30,30.2
00:31:35,31.2
00:31:40,33.2
00:31:45,29.3
00:31:50,31.7
00:31:55,32.1
00:32:00,28.5
00:32:05,28.9
00:32:10,31.7
00:32:15,30.5
00:32:20,31.0
00:32:25,34.2
00:32:30,32.6
00:32:35,31.1
00:32:40,30.5
00:32:45,34.2
00:32:50,29.6
00:32:55,31.3
00:33:00,30.9
00:33:05,27.1
00:33:10,26.8
00:33:15,29.4
00:33:20,27.7
00:33:25,28.0
00:33:30,25.6
00:33:35,28.1
00:33:40,30.8
00:33:45,28.9
00:33:50,30.8
00:33:55,26.9
00:34:00,34.2
00:34:05,28.5
00:34:10,29.6
00:34:15,29.2
00:34:20,29.6
00:34:25,30.8
00:34:30,28.6
00:34:35,29.5
00:34:40,33.0
00:34:45,33.6
00:34:50,30.8
00:34:55,29.9
00:35:00,31.0
00:35:05,29.1
00:35:10,30.8
00:35:15,30.2
00:35:20,29.5
00:35:25,32.1
00:35:30,32.5
00:35:35,28.8
00:35:40,32.9
00:35:45,30.9
00:35:50,30.1
00:35:55,30.7
00:36:00,27.9
00:36:05,25.0
00:36:10,30.0
00:36:15,30.9
00:36:20,32.2
00:36:25,30.6
00:36:30,29.5
00:36:35,30.7
00:36:40,34.5
00:36:45,30.6
00:36:50,30.4
00:36:55,32.2
00:37:00,30.3
00:37:05,25.0
00:37:10,28.9
00:37:15,32.9
00:37:20,29.6
00:37:25,30.6
00:37:30,33.0
00:37:35,26.6
00:37:40,27.9
00:37:45,27.4
00:37:50,31.6
00:37:55,29.3
00:38:00,32.1
00:38:05,32.3
00:38:10,34.2
00:38:15,33.1
00:38:20,28.0
00:38:25,26.8
00:38:30,31.2
00:38:35,31.0
00:38:40,30.1
00:38:45,29.7
00:38:50,30.6
00:38:55,27.2
00:39:00,27.3
00:39:05,30.3
00:39:10,32.8
00:39:15,30.0
00:39:20,28.0
00:39:25,26.7
00:39:30,31.1
00:39:35,31.9
00:39:40,27.6
00:39:45,27.3
00:39:50,29.5
00:39:55,28.7
00:40:00,31.2
00:40:05,28.1
00:40:10,29.4
00:40:15,28.0
00:40:20,25.4
00:40:25,30.6
00:40:30,32.3
00:40:35,32.6
00:40:40,27.2
00:40:45,30.7
00:40:50,29.9
00:40:55,30.6
00:41:00,31.5
00:41:05,29.0
00:41:10,30.2
00:41:15,29.2
00:41:20,32.1
00:41:25,31.7
00:41:30,32.4
00:41:35,31.0
00:41:40,31.9
00:41:45,31.0
00:41:50,30.6
00:41:55,29.3
00:42:00,33.6
00:42:05,29.7
00:42:10,27.7
00:42:15,31.2
00:42:20,31.1
00:42:25,28.9
00:42:30,28.7
00:42:35,30.2
00:42:40,44.2
00:42:45,28.8
00:42:50,30.4
00:42:55,31.3
00:43:00,29.0
00:43:05,28.8
00:43:10,30.1
00:43:15,29.4
00:43:20,29.2
00:43:25,30.8
00:43:30,32.1
00:43:35,29.6
00:43:40,32.0
00:43:45,31.7
00:43:50,29.1
00:43:55,31.9
00:44:00,30.0
00:44:05,29.2
00:44:10,33.1
00:44:15,30.2
00:44:20,29.0
00:44:25,30.0
00:44:30,29.8
00:44:35,29.8
00:44:40,33.0
00:44:45,29.8
00:44:50,30.8
00:44:55,30.9
00:45:00,27.5
00:45:05,30.9
00:45:10,29.2
00:45:15,32.8
00:45:20,33.6
00:45:25,29.1
00:45:30,31.8
00:45:35,30.2
00:45:40,34.0
00:45:45,28.7
00:45:50,29.2
00:45:55,30.9
00:46:00,35.7
00:46:05,27.5
00:46:10,30.6
00:46:15,30.3
00:46:20,30.2
00:46:25,29.7
00:46:30,26.5
00:46:35,31.9
00:46:40,27.0
00:46:45,25.0
00:46:50,25.0
00:46:55,30.8
00:47:00,31.1
00:47:05,30.6
00:47:10,31.4
00:47:15,26.8
00:47:20,30.8
00:47:25,28.8
00:47:30,31.7
00:47:35,28.2
00:47:40,31.2
00:47:45,27.1
00:47:50,28.0
00:47:55,36.5
00:48:00,25.6
00:48:05,31.7
00:48:10,29.2
00:48:15,29.3
00:48:20,30.7
00:48:25,32.1
00:48:30,29.6
00:48:35,31.5
00:48:40,26.9
00:48:45,27.9
00:48:50,30.5
00:48:55,29.9
00:49:00,33.3
00:49:05,32.0
00:49:10,31.1
00:49:15,30.8
00:49:20,31.8
00:49:25,29.9
00:49:30,31.8
00:49:35,29.0
00:49:40,31.1
00:49:45,28.2
00:49:50,30.7
00:49:55,27.7
00:50:00,30.1
00:50:05,27.1
00:50:10,29.5
00:50:15,28.5
00:50:20,33.7
00:50:25,31.0
00:50:30,30.7
00:50:35,33.3
00:50:40,27.6
00:50:45,27.8
00:50:50,29.5
00:50:55,29.1
00:51:00,30.6
00:51:05,30.3
00:51:10,36.4
00:51:15,34.7
00:51:20,29.7
00:51:25,29.4
00:51:30,31.9
00:51:35,32.4
00:51:40,29.2
00:51:45,27.4
00:51:50,28.9
00:51:55,30.1
00:52:00,28.7
00:52:05,33.8
00:52:10,27.5
00:52:15,31.2
00:52:20,25.0
00:52:25,29.3
00:52:30,30.2
00:52:35,30.9
00:52:40,28.6
00:52:45,28.6
00:52:50,31.8
00:52:55,32.3
00:53:00,27.8
00:53:05,28.5
00:53:10,27.4
00:53:15,29.7
00:53:20,32.1
00:53:25,29.3
00:53:30,31.2
00:53:35,28.5
00:53:40,28.2
00:53:45,31.7
00:53:50,31.3
00:53:55,27.4
00:54:00,27.6
00:54:05,30.8
00:54:10,26.0
00:54:15,27.6
00:54:20,28.5
00:54:25,30.4
00:54:30,34.3
00:54:35,29.8
00:54:40,28.5
00:54:45,30.5
00:54:50,32.8
00:54:55,30.6
00:55:00,30.5
00:55:05,30.2
00:55:10,27.5
00:55:15,32.6
00:55:20,30.2
00:55:25,29.5
00:55:30,36.9
00:55:35,29.4
00:55:40,27.6
00:55:45,28.2
00:55:50,31.5
00:55:55,29.5
00:56:00,33.9
00:56:05,28.9
00:56:10,31.0
00:56:15,28.3
00:56:20,27.2
00:56:25,29.1
00:56:30,33.6
00:56:35,27.5
00:56:40,31.5
00:56:45,31.4
00:56:50,28.0
00:56:55,30.8
00:57:00,28.6
00:57:05,29.0
00:57:10,34.1
00:57:15,29.6
00:57:20,27.9
00:57:25,32.0
00:57:30,29.5
00:57:35,31.9
00:57:40,33.9
00:57:45,29.0
00:57:50,28.6
00:57:55,31.6
00:58:00,29.3
00:58:05,32.5
00:58:10,30.6
00:58:15,31.8
00:58:20,28.8
00:58:25,30.7
00:58:30,36.9
00:58:35,31.3
00:58:40,30.1
00:58:45,30.7
00:58:50,28.5
00:58:55,27.4
00:59:00,27.0
00:59:05,31.0
00:59:10,33.2
00:59:15,27.4
00:59:20,29.6
00:59:25,26.2
00:59:30,31.7
00:59:35,27.3
00:59:40,32.2
00:59:45,25.5
00:59:50,29.6
00:59:55,26.5
01:00:00,30.5
01:00:05,34.0
01:00:10,27.2
01:00:15,30.8
01:00:20,29.7
01:00:25,30.5
01:00:30,29.1
01:00:35,31.5
01:00:40,30.5
01:00:45,32.3
01:00:50,30.5
01:00:55,30.4
01:01:00,32.8
01:01:05,29.8
01:01:10,29.4
01:01:15,27.3
01:01:20,32.9
01:01:25,30.2
01:01:30,29.8
01:01:35,28.1
01:01:40,31.0
01:01:45,28.3
01:01:50,30.1
01:01:55,32.7
01:02:00,30.0
01:02:05,28.9
01:02:10,34.8
01:02:15,27.6
01:02:20,29.8
01:02:25,31.1
01:02:30,28.6
01:02:35,31.2
01:02:40,33.2
01:02:45,27.5
01:02:50,32.0
01:02:55,32.0
01:03:00,29.9
01:03:05,30.8
01:03:10,31.7
01:03:15,28.9
01:03:20,31.7
01:03:25,25.0
01:03:30,30.2
01:03:35,30.0
01:03:40,28.4
01:03:45,29.3
01:03:50,30.3
01:03:55,31.5
01:04:00,32.5
01:04:05,31.5
01:04:10,31.2
01:04:15,27.0
01:04:20,33.5
01:04:25,27.9
01:04:30,27.4
01:04:35,30.0
01:04:40,29.9
01:04:45,29.1
01:04:50,27.0
01:04:55,30.5
01:05:00,33.6
01:05:05,31.3
01:05:10,29.8
01:05:15,30.1
01:05:20,30.2
01:05:25,28.4
01:05:30,31.4
01:05:35,31.4
01:05:40,28.2
01:05:45,32.9
01:05:50,30.8
01:05:55,32.3
01:06:00,28.5
01:06:05,33.3
01:06:10,31.4
01:06:15,29.3
01:06:20,30.1
01:06:25,31.5
01:06:30,31.0
01:06:35,30.6
01:06:40,31.6
01:06:45,29.0
01:06:50,30.8
01:06:55,28.6
01:07:00,29.5
01:07:05,30.6
01:07:10,28.6
01:07:15,29.2
01:07:20,27.2
01:07:25,31.2
01:07:30,28.5
01:07:35,28.8
01:07:40,31.1
01:07:45,27.1
01:07:50,33.1
01:07:55,34.2
01:08:00,27.9
01:08:05,31.3
01:08:10,27.3
01:08:15,32.6
01:08:20,29.5
01:08:25,33.1
01:08:30,31.0
01:08:35,31.4
01:08:40,30.2
01:08:45,31.9
01:08:50,31.8
01:08:55,32.6
01:09:00,29.0
01:09:05,30.0
01:09:10,30.6
01:09:15,28.6
01:09:20,34.6
01:09:25,29.2
01:09:30,30.8
01:09:35,26.8
01:09:40,34.7
01:09:45,31.8
01:09:50,31.4
01:09:55,36.0
01:10:00,30.2
01:10:05,29.4
01:10:10,32.8
01:10:15,34.1
01:10:20,29.4
01:10:25,31.4
01:10:30,35.4
01:10:35,30.3
01:10:40,30.4
01:10:45,28.7
01:10:50,33.7
01:10:55,31.0
01:11:00,31.9
01:11:05,29.9
01:11:10,31.2
01:11:15,26.7
01:11:20,31.6
01:11:25,30.8
01:11:30,29.1
01:11:35,33.6
01:11:40,28.5
01:11:45,30.5
01:11:50,33.1
01:11:55,29.2
01:12:00,29.4
01:12:05,35.2
01:12:10,30.9
01:12:15,29.6
01:12:20,30.9
01:12:25,30.2
01:12:30,28.6
01:12:35,30.8
01:12:40,32.2
01:12:45,26.4
01:12:50,27.4
01:12:55,30.1
01:13:00,29.2
01:13:05,29.6
01:13:10,30.2
01:13:15,25.7
01:13:20,30.7
01:13:25,33.9
01:13:30,28.0
01:13:35,30.7
01:13:40,29.5
01:13:45,29.9
01:13:50,31.5
01:13:55,31.4
01:14:00,27.2
01:14:05,30.8
01:14:10,29.5
01:14:15,31.1
01:14:20,31.5
01:14:25,31.3
01:14:30,28.9
01:14:35,32.6
01:14:40,31.6
01:14:45,27.8
01:14:50,28.4
01:14:55,26.3
01:15:00,29.0
01:15:05,29.7
01:15:10,25.8
01:15:15,33.1
01:15:20,43.2
01:15:25,31.5
01:15:30,29.3
01:15:35,34.3
01:15:40,31.9
01:15:45,34.0
01:15:50,30.0
01:15:55,29.3
01:16:00,31.3
01:16:05,33.7
01:16:10,31.1
01:16:15,33.0
01:16:20,25.0
01:16:25,28.6
01:16:30,31.7
01:16:35,28.0
01:16:40,29.3
01:16:45,31.0
01:16:50,29.0
01:16:55,30.7
01:17:00,26.6
01:17:05,30.6
01:17:10,33.9
01:17:15,27.7
01:17:20,25.4
01:17:25,29.7
01:17:30,29.1
01:17:35,29.7
01:17:40,28.8
01:17:45,30.0
01:17:50,29.3
01:17:55,29.4
01:18:00,37.1
01:18:05,31.2
01:18:10,28.7
01:18:15,28.9
01:18:20,33.4
01:18:25,30.6
01:18:30,30.5
01:18:35,33.0
01:18:40,27.5
01:18:45,31.9
01:18:50,29.8
01:18:55,29.6
01:19:00,32.0
01:19:05,29.7
01:19:10,27.8
01:19:15,33.4
01:19:20,29.9
01:19:25,41.0
01:19:30,28.3
01:19:35,29.0
01:19:40,27.7
01:19:45,27.9
01:19:50,27.6
01:19:55,28.2
01:20:00,26.8
01:20:05,32.2
01:20:10,31.2
01:20:15,28.7
01:20:20,31.6
01:20:25,31.6
01:20:30,25.0
01:20:35,31.2
01:20:40,30.8
01:20:45,29.9
01:20:50,29.8
01:20:55,33.7
01:21:00,28.3
01:21:05,29.3
01:21:10,33.9
01:21:15,28.0
01:21:20,29.4
01:21:25,28.5
01:21:30,26.1
01:21:35,28.5
01:21:40,33.6
01:21:45,29.5
01:21:50,31.6
01:21:55,35.1
01:22:00,30.5
01:22:05,32.7
01:22:10,30.7
01:22:15,34.3
01:22:20,30.0
01:22:25,34.5
01:22:30,26.8
01:22:35,28.4
01:22:40,29.5
01:22:45,28.2
01:22:50,34.5
01:22:55,34.3
01:23:00,32.4
01:23:05,28.4
01:23:10,31.2
01:23:15,29.3
01:23:20,33.6
01:23:25,25.0
01:23:30,28.6
01:23:35,31.3
01:23:40,32.8
01:23:45,25.9
01:23:50,29.5
01:23:55,25.0
01:24:00,29.3
01:24:05,26.3
01:24:10,31.1
01:24:15,32.1
01:24:20,34.6
01:24:25,25.3
01:24:30,30.8
01:24:35,29.7
01:24:40,27.4
01:24:45,31.4
01:24:50,34.4
01:24:55,34.3
01:25:00,29.1
01:25:05,30.5
01:25:10,31.8
01:25:15,32.8
01:25:20,28.4
01:25:25,26.1
01:25:30,25.4
01:25:35,32.9
01:25:40,29.4
01:25:45,29.8
01:25:50,29.6
01:25:55,33.0
01:26:00,27.2
01:26:05,32.1
01:26:10,26.4
01:26:15,31.1
01:26:20,27.0
01:26:25,29.5
01:26:30,31.2
01:26:35,31.5
01:26:40,31.2
01:26:45,31.7
01:26:50,27.8
01:26:55,30.1
01:27:00,29.9
01:27:05,30.0
01:27:10,33.1
01:27:15,30.2
01:27:20,29.6
01:27:25,28.6
01:27:30,32.8
01:27:35,31.3
01:27:40,29.4
01:27:45,27.1
01:27:50,28.2
01:27:55,30.3
01:28:00,28.2
01:28:05,30.3
01:28:10,28.9
01:28:15,27.3
01:28:20,30.8
01:28:25,30.6
01:28:30,29.5
01:28:35,28.9
01:28:40,31.0
01:28:45,29.7
01:28:50,27.1
01:28:55,29.7
01:29:00,28.5
01:29:05,34.4
01:29:10,30.8
01:29:15,34.5
01:29:20,29.3
01:29:25,27.9
01:29:30,43.9
01:29:35,32.2
01:29:40,30.5
01:29:45,27.4
01:29:50,35.7
01:29:55,30.4
01:30:00,27.8
01:30:05,35.1
01:30:10,28.0
01:30:15,29.1
01:30:20,32.4
01:30:25,27.5
01:30:30,32.8
01:30:35,30.9
01:30:40,26.4
01:30:45,27.4
01:30:50,27.9
01:30:55,28.9
01:31:00,28.6
01:31:05,26.7
01:31:10,28.9
01:31:15,27.6
01:31:20,30.8
01:31:25,28.5
01:31:30,30.7
01:31:35,34.4
01:31:40,30.7
01:31:45,31.4
01:31:50,30.2
01:31:55,25.0
01:32:00,31.2
01:32:05,30.2
01:32:10,28.0
01:32:15,29.5
01:32:20,28.2
01:32:25,30.4
01:32:30,36.6
01:32:35,32.5
01:32:40,28.8
01:32:45,30.3
01:32:50,28.0
01:32:55,32.5
01:33:00,29.1
01:33:05,28.6
01:33:10,28.6
01:33:15,32.4
01:33:20,32.0
01:33:25,30.7
01:33:30,29.2
01:33:35,29.9
01:33:40,26.4
01:33:45,30.5
01:33:50,28.8
01:33:55,30.7
01:34:00,30.8
01:34:05,29.4
01:34:10,30.9
01:34:15,32.8
01:34:20,31.4
01:34:25,28.7
01:34:30,30.0
01:34:35,33.1
01:34:40,32.1
01:34:45,30.7
01:34:50,29.2
01:34:55,29.5
01:35:00,30.9
01:35:05,32.1
01:35:10,27.8
01:35:15,31.7
01:35:20,35.5
01:35:25,31.8
01:35:30,29.4
01:35:35,29.5
01:35:40,30.5
01:35:45,31.6
01:35:50,25.0
01:35:55,27.7
01:36:00,25.0
01:36:05,30.9
01:36:10,29.4
01:36:15,29.7
01:36:20,25.8
01:36:25,27.2
01:36:30,31.3
01:36:35,39.4
01:36:40,27.7
01:36:45,31.2
01:36:50,29.5
01:36:55,32.2
01:37:00,32.2
01:37:05,32.5
01:37:10,30.9
01:37:15,33.4
01:37:20,29.5
01:37:25,30.3
01:37:30,29.8
01:37:35,29.6
01:37:40,32.8
01:37:45,29.4
01:37:50,30.2
01:37:55,28.6
01:38:00,29.1
01:38:05,43.4
01:38:10,28.8
01:38:15,31.2
01:38:20,33.3
01:38:25,30.1
01:38:30,30.7
01:38:35,32.7
01:38:40,29.6
01:38:45,31.2
01:38:50,27.8
01:38:55,32.7
01:39:00,30.6
01:39:05,27.9
01:39:10,29.2
01:39:15,31.3
01:39:20,30.0
01:39:25,30.2
01:39:30,29.8
01:39:35,29.2
01:39:40,31.2
01:39:45,33.3
01:39:50,31.0
01:39:55,33.7
01:40:00,30.1
01:40:05,30.5
01:40:10,31.1
01:40:15,29.2
01:40:20,30.7
01:40:25,31.5
01:40:30,26.0
01:40:35,30.0
01:40:40,27.6
01:40:45,30.9
01:40:50,27.1
01:40:55,30.6
01:41:00,28.6
01:41:05,29.9
01:41:10,28.1
01:41:15,29.2
01:41:20,31.0
01:41:25,39.1
01:41:30,29.7
01:41:35,27.6
01:41:40,30.2
01:41:45,32.2
01:41:50,31.3
01:41:55,29.2
01:42:00,31.4
01:42:05,32.0
01:42:10,27.2
01:42:15,31.3
01:42:20,28.8
01:42:25,30.3
01:42:30,28.1
01:42:35,32.6
01:42:40,30.1
01:42:45,30.1
01:42:50,28.1
01:42:55,28.8
01:43:00,27.4
01:43:05,30.0
01:43:10,31.8
01:43:15,30.8
01:43:20,28.6
01:43:25,29.3
01:43:30,31.6
01:43:35,32.7
01:43:40,28.5
01:43:45,29.3
01:43:50,31.8
01:43:55,29.7
01:44:00,32.0
01:44:05,29.2
01:44:10,31.9
01:44:15,28.4
01:44:20,31.3
01:44:25,31.9
01:44:30,33.3
01:44:35,31.3
01:44:40,28.1
01:44:45,30.0
01:44:50,32.7
01:44:55,31.6
01:45:00,30.3
01:45:05,29.1
01:45:10,31.2
01:45:15,29.7
01:45:20,29.6
01:45:25,28.8
01:45:30,31.4
01:45:35,30.6
01:45:40,27.4
01:45:45,28.6
01:45:50,30.8
01:45:55,27.3
01:46:00,30.3
01:46:05,27.6
01:46:10,25.3
01:46:15,27.7
01:46:20,28.5
01:46:25,27.2
01:46:30,30.0
01:46:35,31.5
01:46:40,29.1
01:46:45,31.7
01:46:50,29.6
01:46:55,30.2
01:47:00,30.8
01:47:05,31.1
01:47:10,31.2
01:47:15,30.9
01:47:20,28.7
01:47:25,28.3
01:47:30,40.1
01:47:35,28.1
01:47:40,31.8
01:47:45,25.9
01:47:50,29.5
01:47:55,29.9
01:48:00,32.9
01:48:05,34.2
01:48:10,29.5
01:48:15,31.4
01:48:20,30.1
01:48:25,28.7
01:48:30,30.3
01:48:35,30.6
01:48:40,31.1
01:48:45,28.7
01:48:50,29.1
01:48:55,31.9
01:49:00,30.8
01:49:05,31.4
01:49:10,25.9
01:49:15,27.4
01:49:20,28.3
01:49:25,33.1
01:49:30,27.9
01:49:35,32.4
01:49:40,31.6
01:49:45,29.3
01:49:50,29.3
01:49:55,31.4
01:50:00,25.0
01:50:05,26.1
01:50:10,29.0
01:50:15,27.3
01:50:20,29.5
01:50:25,29.6
01:50:30,31.7
01:50:35,30.8
01:50:40,27.4
01:50:45,28.5
01:50:50,28.9
01:50:55,31.1
01:51:00,31.0
01:51:05,32.3
01:51:10,26.5
01:51:15,29.8
01:51:20,30.0
01:51:25,27.4
01:51:30,29.4
01:51:35,27.8
01:51:40,29.6
01:51:45,29.9
01:51:50,26.4
01:51:55,31.5
01:52:00,29.5
01:52:05,27.0
01:52:10,29.8
01:52:15,29.8
01:52:20,29.7
01:52:25,31.8
01:52:30,29.9
01:52:35,25.4
01:52:40,29.6
01:52:45,30.4
01:52:50,29.7
01:52:55,31.4
01:53:00,29.7
01:53:05,28.9
01:53:10,32.1
01:53:15,32.0
01:53:20,32.4
01:53:25,30.7
01:53:30,32.6
01:53:35,27.5
01:53:40,31.0
01:53:45,30.6
01:53:50,29.2
01:53:55,34.5
01:54:00,27.3
01:54:05,34.5
01:54:10,30.7
01:54:15,29.1
01:54:20,31.7
01:54:25,28.3
01:54:30,29.8
01:54:35,29.6
01:54:40,29.2
01:54:45,31.2
01:54:50,28.4
01:54:55,30.1
01:55:00,30.3
01:55:05,30.3
01:55:10,32.9
01:55:15,30.5
01:55:20,29.1
01:55:25,30.7
01:55:30,33.0
01:55:35,25.0
01:55:40,31.6
01:55:45,29.7
01:55:50,30.3
01:55:55,32.9
01:56:00,31.0
01:56:05,27.2
01:56:10,27.0
01:56:15,33.1
01:56:20,27.5
01:56:25,31.7
01:56:30,28.7
01:56:35,29.4
01:56:40,30.4
01:56:45,29.6
01:56:50,32.9
01:56:55,30.6
01:57:00,29.0
01:57:05,28.2
01:57:10,31.9
01:57:15,32.8
01:57:20,31.7
01:57:25,32.3
01:57:30,29.2
01:57:35,25.0
01:57:40,28.1
01:57:45,31.6
01:57:50,31.7
01:57:55,31.0
01:58:00,30.3
01:58:05,28.9
01:58:10,30.2
01:58:15,27.8
01:58:20,29.1
01:58:25,30.4
01:58:30,29.5
01:58:35,29.2
01:58:40,30.3
01:58:45,28.1
01:58:50,31.3
01:58:55,27.9
01:59:00,31.0
01:59:05,31.9
01:59:10,31.3
01:59:15,27.7
01:59:20,30.9
01:59:25,25.6
01:59:30,29.3
01:59:35,29.5
01:59:40,29.8
01:59:45,35.6
01:59:50,29.9
01:59:55,33.1
02:00:00,29.1
02:00:05,30.7
02:00:10,28.9
02:00:15,30.9
02:00:20,26.6
02:00:25,33.5
02:00:30,33.9
02:00:35,30.8
02:00:40,30.4
02:00:45,28.6
02:00:50,31.2
02:00:55,28.4
02:01:00,34.5
02:01:05,32.0
02:01:10,29.7
02:01:15,29.8
02:01:20,27.6
02:01:25,32.4
02:01:30,28.4
02:01:35,29.6
02:01:40,29.7
02:01:45,32.5
02:01:50,28.5
02:01:55,31.9
02:02:00,30.2
02:02:05,28.0
02:02:10,31.4
02:02:15,30.4
02:02:20,28.3
02:02:25,31.7
02:02:30,32.1
02:02:35,29.8
02:02:40,29.3
02:02:45,31.0
02:02:50,31.5
02:02:55,29.0
02:03:00,29.4
02:03:05,28.8
02:03:10,26.6
02:03:15,29.7
02:03:20,29.9
02:03:25,28.3
02:03:30,28.2
02:03:35,30.2
02:03:40,32.1
02:03:45,31.0
02:03:50,31.1
02:03:55,29.9
02:04:00,31.7
02:04:05,29.6
02:04:10,27.3
02:04:15,35.3
02:04:20,31.2
02:04:25,31.6
02:04:30,29.4
02:04:35,28.0
02:04:40,28.8
02:04:45,30.9
02:04:50,32.3
02:04:55,31.9
02:05:00,29.5
02:05:05,28.2
02:05:10,29.1
02:05:15,30.1
02:05:20,27.9
02:05:25,29.5
02:05:30,31.3
02:05:35,32.9
02:05:40,28.9
02:05:45,30.8
02:05:50,26.2
02:05:55,30.2
02:06:00,28.3
02:06:05,27.8
02:06:10,31.0
02:06:15,39.8
02:06:20,29.8
02:06:25,32.5
02:06:30,33.2
02:06:35,29.6
02:06:40,29.9
02:06:45,31.0
02:06:50,29.8
02:06:55,28.1
02:07:00,32.2
02:07:05,29.0
02:07:10,28.9
02:07:15,33.8
02:07:20,33.3
02:07:25,25.0
02:07:30,28.3
02:07:35,29.7
02:07:40,29.1
02:07:45,30.7
02:07:50,31.5
02:07:55,29.6
02:08:00,28.2
02:08:05,29.8
02:08:10,31.1
02:08:15,28.8
02:08:20,25.8
02:08:25,32.2
02:08:30,30.1
02:08:35,28.4
02:08:40,25.1
02:08:45,29.4
02:08:50,28.6
02:08:55,28.3
02:09:00,30.5
02:09:05,29.9
02:09:10,27.5
02:09:15,27.6
02:09:20,29.7
02:09:25,31.1
02:09:30,29.0
02:09:35,31.4
02:09:40,29.5
02:09:45,31.1
02:09:50,31.3
02:09:55,28.7
02:10:00,29.1
02:10:05,31.2
02:10:10,33.6
02:10:15,28.9
02:10:20,29.8
02:10:25,28.9
02:10:30,31.0
02:10:35,28.7
02:10:40,31.0
02:10:45,31.8
02:10:50,32.2
02:10:55,31.6
02:11:00,29.2
02:11:05,27.8
02:11:10,27.0
02:11:15,29.0
02:11:20,29.6
02:11:25,37.8
02:11:30,31.1
02:11:35,31.6
02:11:40,30.8
02:11:45,34.6
02:11:50,31.1
02:11:55,29.4
02:12:00,31.0
02:12:05,29.8
02:12:10,33.8
02:12:15,34.0
02:12:20,32.3
02:12:25,26.6
02:12:30,30.0
02:12:35,30.4
02:12:40,25.8
02:12:45,25.4
02:12:50,36.8
02:12:55,27.6
02:13:00,29.3
02:13:05,31.9
02:13:10,30.5
02:13:15,30.3
02:13:20,30.1
02:13:25,31.3
02:13:30,30.8
02:13:35,28.1
02:13:40,29.4
02:13:45,29.7
02:13:50,25.0
02:13:55,29.8
02:14:00,29.6
02:14:05,28.7
02:14:10,28.3
02:14:15,30.7
02:14:20,33.9
02:14:25,36.7
02:14:30,30.6
02:14:35,28.7
02:14:40,30.0
02:14:45,30.3
02:14:50,29.2
02:14:55,32.0
02:15:00,32.1
02:15:05,30.3
02:15:10,26.9
02:15:15,30.8
02:15:20,29.9
02:15:25,30.0
02:15:30,30.1
02:15:35,29.1
02:15:40,30.1
02:15:45,30.8
02:15:50,30.1
02:15:55,29.9
02:16:00,26.7
02:16:05,28.3
02:16:10,31.1
02:16:15,30.8
02:16:20,28.8
02:16:25,30.6
02:16:30,33.1
02:16:35,30.3
02:16:40,32.4
02:16:45,31.2
02:16:50,34.6
02:16:55,28.6
02:17:00,30.8
02:17:05,29.7
02:17:10,28.9
02:17:15,31.6
02:17:20,27.8
02:17:25,29.2
02:17:30,27.1
02:17:35,29.5
02:17:40,26.2
02:17:45,31.3
02:17:50,31.8
02:17:55,28.4
02:18:00,27.2
02:18:05,31.9
02:18:10,32.5
02:18:15,26.7
02:18:20,26.7
02:18:25,30.8
02:18:30,30.1
02:18:35,31.4
02:18:40,28.7
02:18:45,31.2
02:18:50,31.6
02:18:55,27.5
02:19:00,29.5
02:19:05,27.7
02:19:10,32.4
02:19:15,32.2
02:19:20,30.7
02:19:25,31.6
02:19:30,32.0
02:19:35,28.4
02:19:40,28.2
02:19:45,31.7
02:19:50,30.6
02:19:55,32.7
02:20:00,32.7
02:20:05,29.7
02:20:10,29.5
02:20:15,34.2
02:20:20,31.4
02:20:25,27.9
02:20:30,27.7
02:20:35,28.7
02:20:40,26.5
02:20:45,30.2
02:20:50,33.3
02:20:55,27.7
02:21:00,27.8
02:21:05,33.6
02:21:10,32.9
02:21:15,31.0
02:21:20,30.5
02:21:25,32.0
02:21:30,27.3
02:21:35,27.6
02:21:40,28.1
02:21:45,31.7
02:21:50,27.4
02:21:55,29.7
02:22:00,29.4
02:22:05,30.0
02:22:10,31.6
02:22:15,26.5
02:22:20,29.2
02:22:25,29.1
02:22:30,31.5
02:22:35,29.8
02:22:40,28.7
02:22:45,28.6
02:22:50,28.9
02:22:55,31.1
02:23:00,32.5
02:23:05,29.0
02:23:10,31.8
02:23:15,28.4
02:23:20,32.8
02:23:25,28.9
02:23:30,30.9
02:23:35,31.8
02:23:40,42.1
02:23:45,26.5
02:23:50,33.5
02:23:55,27.3
02:24:00,30.3
02:24:05,27.5
02:24:10,27.3
02:24:15,32.8
02:24:20,31.6
02:24:25,27.2
02:24:30,27.0
02:24:35,32.8
02:24:40,31.4
02:24:45,31.0
02:24:50,30.7
02:24:55,30.5
02:25:00,30.1
02:25:05,29.5
02:25:10,32.0
02:25:15,28.6
02:25:20,28.8
02:25:25,28.5
02:25:30,26.3
02:25:35,25.0
02:25:40,27.6
02:25:45,31.3
02:25:50,30.4
02:25:55,30.6
02:26:00,30.1
02:26:05,30.5
02:26:10,29.4
02:26:15,30.1
02:26:20,33.6
02:26:25,32.4
02:26:30,30.8
02:26:35,29.0
02:26:40,28.3
02:26:45,30.6
02:26:50,32.7
02:26:55,30.2
02:27:00,29.6
02:27:05,27.5
02:27:10,28.8
02:27:15,30.5
02:27:20,25.5
02:27:25,30.3
02:27:30,32.1
02:27:35,29.8
02:27:40,30.8
02:27:45,25.9
02:27:50,29.7
02:27:55,33.9
02:28:00,31.4
02:28:05,27.7
02:28:10,28.5
02:28:15,27.8
02:28:20,33.5
02:28:25,26.9
02:28:30,35.6
02:28:35,32.7
02:28:40,32.5
02:28:45,32.8
02:28:50,31.4
02:28:55,30.6
02:29:00,32.9
02:29:05,30.6
02:29:10,30.3
02:29:15,34.5
02:29:20,29.8
02:29:25,29.4
02:29:30,26.3
02:29:35,29.3
02:29:40,28.8
02:29:45,32.2
02:29:50,28.5
02:29:55,28.1
02:30:00,35.1
02:30:05,29.5
02:30:10,32.0
02:30:15,31.0
02:30:20,25.7
02:30:25,27.9
02:30:30,30.2
02:30:35,30.6
02:30:40,27.8
02:30:45,30.6
02:30:50,31.4
02:30:55,30.4
02:31:00,31.9
02:31:05,28.1
02:31:10,29.3
02:31:15,29.3
02:31:20,30.5
02:31:25,28.7
02:31:30,30.7
02:31:35,29.7
02:31:40,29.1
02:31:45,28.5
02:31:50,33.0
02:31:55,27.3
02:32:00,26.0
02:32:05,30.9
02:32:10,32.2
02:32:15,26.9
02:32:20,27.7
02:32:25,26.6
02:32:30,27.7
02:32:35,28.1
02:32:40,29.6
02:32:45,31.6
02:32:50,29.1
02:32:55,26.0
02:33:00,27.8
02:33:05,32.2
02:33:10,31.5
02:33:15,31.8
02:33:20,28.4
02:33:25,29.7
02:33:30,30.4
02:33:35,28.7
02:33:40,32.5
02:33:45,27.9
02:33:50,36.4
02:33:55,28.2
02:34:00,29.4
02:34:05,26.7
02:34:10,28.7
02:34:15,26.6
02:34:20,33.5
02:34:25,28.7
02:34:30,32.5
02:34:35,30.9
02:34:40,31.6
02:34:45,30.6
02:34:50,28.7
02:34:55,31.5
02:35:00,30.7
02:35:05,31.0
02:35:10,28.0
02:35:15,29.6
02:35:20,31.9
02:35:25,27.8
02:35:30,31.3
02:35:35,30.6
02:35:40,30.3
02:35:45,33.0
02:35:50,29.3
02:35:55,32.5
02:36:00,29.0
02:36:05,28.3
02:36:10,31.5
02:36:15,29.3
02:36:20,35.8
02:36:25,25.0
02:36:30,30.5
02:36:35,27.6
02:36:40,29.6
02:36:45,29.3
02:36:50,30.1
02:36:55,29.9
02:37:00,29.7
02:37:05,29.4
02:37:10,31.7
02:37:15,29.5
02:37:20,33.2
02:37:25,32.6
02:37:30,29.1
02:37:35,29.4
02:37:40,29.0
02:37:45,29.0
02:37:50,28.8
02:37:55,26.8
02:38:00,33.6
02:38:05,28.9
02:38:10,27.0
02:38:15,26.7
02:38:20,31.5
02:38:25,29.4
02:38:30,31.6
02:38:35,30.3
02:38:40,27.7
02:38:45,26.9
02:38:50,30.9
02:38:55,31.7
02:39:00,34.7
02:39:05,26.8
02:39:10,30.8
02:39:15,30.9
02:39:20,31.3
02:39:25,32.2
02:39:30,31.3
02:39:35,28.6
02:39:40,33.7
02:39:45,32.4
02:39:50,31.5
02:39:55,30.2
02:40:00,42.6
02:40:05,35.9
02:40:10,30.2
02:40:15,30.7
02:40:20,28.5
02:40:25,34.5
02:40:30,29.3
02:40:35,29.2
02:40:40,30.3
02:40:45,30.0
02:40:50,28.9
02:40:55,28.9
02:41:00,31.1
02:41:05,26.9
02:41:10,28.6
02:41:15,27.4
02:41:20,30.6
02:41:25,28.2
02:41:30,34.1
02:41:35,29.6
02:41:40,32.8
02:41:45,31.8
02:41:50,27.0
02:41:55,32.5
02:42:00,28.7
02:42:05,28.8
02:42:10,29.2
02:42:15,31.6
02:42:20,30.6
02:42:25,31.0
02:42:30,32.6
02:42:35,29.3
02:42:40,27.1
02:42:45,30.2
02:42:50,29.3
02:42:55,32.0
02:43:00,28.3
02:43:05,40.7
02:43:10,29.9
02:43:15,30.1
02:43:20,34.5
02:43:25,27.0
02:43:30,26.8
02:43:35,30.1
02:43:40,33.4
02:43:45,29.5
02:43:50,30.5
02:43:55,33.9
02:44:00,28.6
02:44:05,25.1
02:44:10,43.6
02:44:15,29.2
02:44:20,34.1
02:44:25,34.5
02:44:30,25.0
02:44:35,32.4
02:44:40,33.5
02:44:45,31.9
02:44:50,33.2
02:44:55,31.1
02:45:00,26.2
02:45:05,26.7
02:45:10,28.9
02:45:15,31.2
02:45:20,28.9
02:45:25,29.3
02:45:30,26.7
02:45:35,26.8
02:45:40,32.6
02:45:45,32.3
02:45:50,29.8
02:45:55,32.2
02:46:00,32.6
02:46:05,30.8
02:46:10,31.7
02:46:15,29.7
02:46:20,27.5
02:46:25,27.8
02:46:30,28.5
02:46:35,29.6
02:46:40,29.4
02:46:45,31.5
02:46:50,31.7
02:46:55,31.0
02:47:00,34.4
02:47:05,32.7
02:47:10,31.4
02:47:15,28.5
02:47:20,32.4
02:47:25,30.3
02:47:30,26.4
02:47:35,27.4
02:47:40,31.2
02:47:45,27.7
02:47:50,28.4
02:47:55,25.8
02:48:00,31.8
02:48:05,30.9
02:48:10,33.9
02:48:15,26.4
02:48:20,29.8
02:48:25,35.1
02:48:30,28.5
02:48:35,30.0
02:48:40,28.6
02:48:45,30.2
02:48:50,28.1
02:48:55,28.3
02:49:00,31.8
02:49:05,30.2
02:49:10,33.0
02:49:15,37.2
02:49:20,29.5
02:49:25,27.4
02:49:30,31.0
02:49:35,32.1
02:49:40,35.0
02:49:45,30.9
02:49:50,28.8
02:49:55,34.3
02:50:00,30.4
02:50:05,29.8
02:50:10,33.7
02:50:15,30.9
02:50:20,29.7
02:50:25,30.0
02:50:30,25.0
02:50:35,25.0
02:50:40,27.9
02:50:45,30.4
02:50:50,29.2
02:50:55,35.5
02:51:00,31.8
02:51:05,31.6
02:51:10,30.3
02:51:15,28.8
02:51:20,31.5
02:51:25,31.6
02:51:30,33.2
02:51:35,27.9
02:51:40,33.1
02:51:45,28.1
02:51:50,29.7
02:51:55,31.3
02:52:00,30.6
02:52:05,29.6
02:52:10,33.0
02:52:15,32.6
02:52:20,29.8
02:52:25,33.0
02:52:30,28.2
02:52:35,30.4
02:52:40,31.1
02:52:45,29.9
02:52:50,29.2
02:52:55,29.0
02:53:00,29.2
02:53:05,29.5
02:53:10,30.0
02:53:15,30.4
02:53:20,33.8
02:53:25,28.6
02:53:30,30.8
02:53:35,28.8
02:53:40,30.9
02:53:45,29.7
02:53:50,33.4
02:53:55,26.6
02:54:00,32.8
02:54:05,30.8
02:54:10,29.7
02:54:15,31.1
02:54:20,27.4
02:54:25,32.4
02:54:30,30.0
02:54:35,28.2
02:54:40,32.3
02:54:45,31.1
02:54:50,33.0
02:54:55,29.5
02:55:00,32.2
02:55:05,28.6
02:55:10,32.0
02:55:15,28.0
02:55:20,27.7
02:55:25,29.8
02:55:30,31.8
02:55:35,27.1
02:55:40,42.1
02:55:45,28.1
02:55:50,31.5
02:55:55,29.1
02:56:00,25.8
02:56:05,31.1
02:56:10,31.0
02:56:15,29.1
02:56:20,27.5
02:56:25,30.3
02:56:30,29.9
02:56:35,30.4
02:56:40,33.3
02:56:45,32.6
02:56:50,28.4
02:56:55,27.3
02:57:00,33.5
02:57:05,27.1
02:57:10,31.9
02:57:15,29.7
02:57:20,31.8
02:57:25,29.7
02:57:30,33.7
02:57:35,33.1
02:57:40,35.1
02:57:45,29.0
02:57:50,31.2
02:57:55,31.9
02:58:00,30.2
02:58:05,32.3
02:58:10,25.9
02:58:15,31.8
02:58:20,31.2
02:58:25,33.4
02:58:30,31.4
02:58:35,26.3
02:58:40,31.3
02:58:45,30.2
02:58:50,33.0
02:58:55,26.6
02:59:00,35.8
02:59:05,27.3
02:59:10,27.4
02:59:15,27.6
02:59:20,28.5
02:59:25,28.1
02:59:30,28.4
02:59:35,32.7
02:59:40,29.8
02:59:45,30.6
02:59:50,29.9
02:59:55,33.7
03:00:00,31.6
03:00:05,29.0
03:00:10,31.9
03:00:15,29.5
03:00:20,26.2
03:00:25,29.1
03:00:30,30.6
03:00:35,33.4
03:00:40,29.5
03:00:45,30.3
03:00:50,29.0
03:00:55,29.3
03:01:00,29.7
03:01:05,36.1
03:01:10,31.9
03:01:15,31.8
03:01:20,30.3
03:01:25,29.3
03:01:30,30.3
03:01:35,32.5
03:01:40,28.3
03:01:45,29.3
03:01:50,29.9
03:01:55,29.2
03:02:00,31.4
03:02:05,28.8
03:02:10,29.8
03:02:15,32.5
03:02:20,31.0
03:02:25,26.8
03:02:30,27.0
03:02:35,32.6
03:02:40,30.6
03:02:45,29.0
03:02:50,33.4
03:02:55,31.3
03:03:00,28.6
03:03:05,27.3
03:03:10,30.8
03:03:15,30.6
03:03:20,38.6
03:03:25,36.4
03:03:30,31.6
03:03:35,30.2
03:03:40,30.8
03:03:45,28.5
03:03:50,28.8
03:03:55,26.7
03:04:00,31.9
03:04:05,31.5
03:04:10,32.6
03:04:15,28.8
03:04:20,30.6
03:04:25,27.9
03:04:30,30.4
03:04:35,27.7
03:04:40,30.8
03:04:45,30.0
03:04:50,31.7
03:04:55,33.2
03:05:00,31.9
03:05:05,30.0
03:05:10,27.9
03:05:15,30.1
03:05:20,26.0
03:05:25,30.7
03:05:30,26.9
03:05:35,31.7
03:05:40,33.7
03:05:45,29.2
03:05:50,32.6
03:05:55,27.9
03:06:00,31.1
03:06:05,32.2
03:06:10,31.4
03:06:15,31.7
03:06:20,31.1
03:06:25,28.2
03:06:30,26.7
03:06:35,28.9
03:06:40,30.6
03:06:45,30.7
03:06:50,33.8
03:06:55,32.0
03:07:00,29.5
03:07:05,31.1
03:07:10,31.1
03:07:15,30.0
03:07:20,30.8
03:07:25,33.4
03:07:30,33.9
03:07:35,27.8
03:07:40,33.4
03:07:45,25.0
03:07:50,29.5
03:07:55,31.3
03:08:00,29.6
03:08:05,31.3
03:08:10,27.9
03:08:15,30.6
03:08:20,26.8
03:08:25,32.0
03:08:30,30.3
03:08:35,26.7
03:08:40,31.3
03:08:45,28.3
03:08:50,32.7
03:08:55,31.5
03:09:00,28.2
03:09:05,32.4
03:09:10,33.6
03:09:15,30.4
03:09:20,31.3
03:09:25,30.1
03:09:30,29.1
03:09:35,30.9
03:09:40,31.0
03:09:45,31.2
03:09:50,30.6
03:09:55,26.6
03:10:00,30.9
03:10:05,26.8
03:10:10,30.4
03:10:15,31.0
03:10:20,29.0
03:10:25,31.2
03:10:30,31.2
03:10:35,26.2
03:10:40,30.0
03:10:45,30.2
03:10:50,30.5
03:10:55,28.0
03:11:00,31.2
03:11:05,27.5
03:11:10,26.9
03:11:15,32.4
03:11:20,30.7
03:11:25,32.6
03:11:30,31.1
03:11:35,29.6
03:11:40,31.7
03:11:45,28.5
03:11:50,26.6
03:11:55,29.5
03:12:00,32.4
03:12:05,29.4
03:12:10,27.0
03:12:15,32.0
03:12:20,31.6
03:12:25,30.2
03:12:30,28.1
03:12:35,33.0
03:12:40,25.5
03:12:45,29.9
03:12:50,28.4
03:12:55,29.9
03:13:00,29.0
03:13:05,28.4
03:13:10,28.2
03:13:15,31.3
03:13:20,29.4
03:13:25,28.5
03:13:30,32.3
03:13:35,31.8
03:13:40,27.6
03:13:45,29.2
03:13:50,30.0
03:13:55,29.0
03:14:00,27.8
03:14:05,29.5
03:14:10,32.1
03:14:15,30.7
03:14:20,25.5
03:14:25,29.0
03:14:30,31.6
03:14:35,33.5
03:14:40,33.2
03:14:45,30.1
03:14:50,31.7
03:14:55,31.9
03:15:00,28.7
03:15:05,34.7
03:15:10,32.1
03:15:15,32.8
03:15:20,30.3
03:15:25,29.7
03:15:30,31.0
03:15:35,30.9
03:15:40,27.2
03:15:45,29.9
03:15:50,33.7
03:15:55,29.5
03:16:00,32.4
03:16:05,31.9
03:16:10,29.0
03:16:15,26.0
03:16:20,27.6
03:16:25,32.9
03:16:30,33.6
03:16:35,28.7
03:16:40,29.3
03:16:45,33.1
03:16:50,29.5
03:16:55,31.3
03:17:00,30.5
03:17:05,32.5
03:17:10,29.9
03:17:15,31.1
03:17:20,27.1
03:17:25,28.6
03:17:30,32.6
03:17:35,30.8
03:17:40,30.3
03:17:45,27.6
03:17:50,31.0
03:17:55,29.6
03:18:00,30.4
03:18:05,28.7
03:18:10,25.4
03:18:15,28.3
03:18:20,28.4
03:18:25,29.1
03:18:30,26.5
03:18:35,33.1
03:18:40,27.7
03:18:45,29.6
03:18:50,29.0
03:18:55,27.1
03:19:00,32.0
03:19:05,31.5
03:19:10,30.7
03:19:15,28.5
03:19:20,28.6
03:19:25,28.1
03:19:30,29.9
03:19:35,31.2
03:19:40,43.5
03:19:45,31.3
03:19:50,29.2
03:19:55,26.5
03:20:00,34.5
03:20:05,29.9
03:20:10,33.4
03:20:15,29.0
03:20:20,30.5
03:20:25,30.4
03:20:30,30.4
03:20:35,31.3
03:20:40,32.5
03:20:45,28.5
03:20:50,29.0
03:20:55,32.4
03:21:00,30.5
03:21:05,27.7
03:21:10,30.2
03:21:15,31.6
03:21:20,33.9
03:21:25,30.9
03:21:30,29.0
03:21:35,28.9
03:21:40,29.0
03:21:45,30.5
03:21:50,31.8
03:21:55,26.5
03:22:00,30.4
03:22:05,28.6
03:22:10,32.1
03:22:15,30.1
03:22:20,29.8
03:22:25,29.5
03:22:30,29.2
03:22:35,38.2
03:22:40,27.9
03:22:45,28.0
03:22:50,34.1
03:22:55,34.2
03:23:00,31.6
03:23:05,31.5
03:23:10,30.4
03:23:15,31.7
03:23:20,32.5
03:23:25,28.1
03:23:30,31.2
03:23:35,30.7
03:23:40,30.9
03:23:45,30.9
03:23:50,29.9
03:23:55,29.4
03:24:00,31.6
03:24:05,31.9
03:24:10,28.7
03:24:15,31.4
03:24:20,29.6
03:24:25,32.4
03:24:30,28.4
03:24:35,38.2
03:24:40,30.7
03:24:45,30.1
03:24:50,29.8
03:24:55,29.8
03:25:00,26.1
03:25:05,32.5
03:25:10,30.2
03:25:15,25.0
03:25:20,31.1
03:25:25,31.4
03:25:30,30.8
03:25:35,31.9
03:25:40,31.1
03:25:45,33.8
03:25:50,32.6
03:25:55,31.2
03:26:00,26.9
03:26:05,34.6
03:26:10,27.9
03:26:15,32.2
03:26:20,34.1
03:26:25,31.5
03:26:30,30.1
03:26:35,31.2
03:26:40,28.9
03:26:45,31.0
03:26:50,29.8
03:26:55,29.8
03:27:00,29.8
03:27:05,25.0
03:27:10,31.3
03:27:15,26.4
03:27:20,30.9
03:27:25,30.8
03:27:30,31.2
03:27:35,30.2
03:27:40,29.9
03:27:45,30.8
03:27:50,33.0
03:27:55,27.6
03:28:00,31.9
03:28:05,31.3
03:28:10,31.2
03:28:15,29.4
03:28:20,27.4
03:28:25,30.5
03:28:30,30.4
03:28:35,33.5
03:28:40,33.0
03:28:45,29.1
03:28:50,31.1
03:28:55,33.3
03:29:00,28.5
03:29:05,31.6
03:29:10,30.7
03:29:15,29.1
03:29:20,30.3
03:29:25,34.6
03:29:30,28.4
03:29:35,29.0
03:29:40,27.0
03:29:45,28.8
03:29:50,28.5
03:29:55,26.1
03:30:00,25.1
03:30:05,31.7
03:30:10,32.7
03:30:15,30.2
03:30:20,27.3
03:30:25,29.0
03:30:30,31.4
03:30:35,30.0
03:30:40,29.5
03:30:45,30.2
03:30:50,31.2
03:30:55,32.1
03:31:00,33.8
03:31:05,31.1
03:31:10,30.4
03:31:15,26.4
03:31:20,32.8
03:31:25,30.3
03:31:30,33.3
03:31:35,32.5
03:31:40,28.5
03:31:45,29.2
03:31:50,29.1
03:31:55,26.6
03:32:00,29.0
03:32:05,28.6
03:32:10,29.9
03:32:15,28.3
03:32:20,30.1
03:32:25,30.3
03:32:30,29.5
03:32:35,29.7
03:32:40,26.8
03:32:45,31.1
03:32:50,29.7
03:32:55,29.9
03:33:00,29.3
03:33:05,30.9
03:33:10,29.1
03:33:15,28.6
03:33:20,29.5
03:33:25,29.0
03:33:30,29.8
03:33:35,29.6
03:33:40,27.6
03:33:45,34.2
03:33:50,28.3
03:33:55,31.6
03:34:00,30.1
03:34:05,29.8
03:34:10,28.6
03:34:15,27.0
03:34:20,32.9
03:34:25,27.6
03:34:30,29.9
03:34:35,27.7
03:34:40,30.2
03:34:45,26.2
03:34:50,30.6
03:34:55,31.1
03:35:00,31.4
03:35:05,32.3
03:35:10,32.5
03:35:15,33.2
03:35:20,28.3
03:35:25,27.6
03:35:30,30.7
03:35:35,32.7
03:35:40,26.2
03:35:45,28.6
03:35:50,30.9
03:35:55,27.2
03:36:00,31.5
03:36:05,27.0
03:36:10,32.9
03:36:15,31.0
03:36:20,32.7
03:36:25,31.0
03:36:30,26.9
03:36:35,29.7
03:36:40,30.9
03:36:45,28.0
03:36:50,31.7
03:36:55,29.6
03:37:00,29.2
03:37:05,29.3
03:37:10,29.2
03:37:15,26.7
03:37:20,28.9
03:37:25,27.7
03:37:30,30.8
03:37:35,30.9
03:37:40,25.0
03:37:45,29.7
03:37:50,29.4
03:37:55,32.5
03:38:00,29.2
03:38:05,32.5
03:38:10,34.6
03:38:15,32.7
03:38:20,28.3
03:38:25,30.2
03:38:30,27.0
03:38:35,29.9
03:38:40,29.6
03:38:45,29.3
03:38:50,30.9
03:38:55,30.6
03:39:00,31.2
03:39:05,28.6
03:39:10,30.1
03:39:15,29.6
03:39:20,27.7
03:39:25,31.4
03:39:30,31.6
03:39:35,28.7
03:39:40,30.2
03:39:45,25.9
03:39:50,26.4
03:39:55,29.1
03:40:00,29.3
03:40:05,31.7
03:40:10,26.7
03:40:15,28.8
03:40:20,28.5
03:40:25,29.0
03:40:30,31.8
03:40:35,29.2
03:40:40,28.0
03:40:45,30.3
03:40:50,31.7
03:40:55,31.6
03:41:00,28.2
03:41:05,28.5
03:41:10,29.4
03:41:15,32.1
03:41:20,31.0
03:41:25,26.5
03:41:30,29.8
03:41:35,30.1
03:41:40,30.2
03:41:45,30.5
03:41:50,28.7
03:41:55,29.1
03:42:00,30.7
03:42:05,26.6
03:42:10,25.0
03:42:15,32.4
03:42:20,29.5
03:42:25,31.5
03:42:30,28.5
03:42:35,33.4
03:42:40,31.0
03:42:45,29.4
03:42:50,29.0
03:42:55,34.0
03:43:00,28.4
03:43:05,33.4
03:43:10,32.0
03:43:15,29.5
03:43:20,32.8
03:43:25,31.7
03:43:30,28.6
03:43:35,29.0
03:43:40,28.5
03:43:45,25.9
03:43:50,30.3
03:43:55,29.0
03:44:00,32.6
03:44:05,31.1
03:44:10,26.6
03:44:15,33.9
03:44:20,30.1
03:44:25,26.6
03:44:30,28.4
03:44:35,29.6
03:44:40,31.9
03:44:45,25.0
03:44:50,30.4
03:44:55,30.2
03:45:00,30.8
03:45:05,34.8
03:45:10,26.9
03:45:15,31.6
03:45:20,31.2
03:45:25,30.1
03:45:30,31.1
03:45:35,34.0
03:45:40,32.1
03:45:45,29.6
03:45:50,26.6
03:45:55,28.5
03:46:00,30.2
03:46:05,33.7
03:46:10,29.8
03:46:15,29.4
03:46:20,31.9
03:46:25,28.9
03:46:30,32.7
03:46:35,25.6
03:46:40,29.7
03:46:45,28.6
03:46:50,32.0
03:46:55,28.9
03:47:00,30.4
03:47:05,29.2
03:47:10,28.6
03:47:15,28.3
03:47:20,29.7
03:47:25,30.7
03:47:30,33.1
03:47:35,27.3
03:47:40,29.5
03:47:45,31.0
03:47:50,29.4
03:47:55,29.6
03:48:00,31.7
03:48:05,32.4
03:48:10,26.9
03:48:15,25.2
03:48:20,30.1
03:48:25,30.7
03:48:30,29.9
03:48:35,27.9
03:48:40,34.1
03:48:45,31.6
03:48:50,29.7
03:48:55,25.6
03:49:00,34.9
03:49:05,29.9
03:49:10,32.1
03:49:15,29.5
03:49:20,32.9
03:49:25,30.4
03:49:30,32.1
03:49:35,37.9
03:49:40,31.8
03:49:45,28.4
03:49:50,34.7
03:49:55,30.4
03:50:00,31.4
03:50:05,30.1
03:50:10,31.6
03:50:15,32.6
03:50:20,28.0
03:50:25,25.7
03:50:30,31.7
03:50:35,28.8
03:50:40,28.4
03:50:45,29.1
03:50:50,29.8
03:50:55,30.3
03:51:00,26.2
03:51:05,29.2
03:51:10,30.6
03:51:15,29.3
03:51:20,29.2
03:51:25,29.6
03:51:30,29.0
03:51:35,26.5
03:51:40,35.3
03:51:45,25.7
03:51:50,27.0
03:51:55,30.4
03:52:00,30.3
03:52:05,30.6
03:52:10,32.9
03:52:15,31.1
03:52:20,30.6
03:52:25,28.4
03:52:30,28.2
03:52:35,29.7
03:52:40,29.4
03:52:45,25.0
03:52:50,30.6
03:52:55,31.9
03:53:00,30.2
03:53:05,30.5
03:53:10,29.3
03:53:15,33.0
03:53:20,32.2
03:53:25,27.6
03:53:30,35.5
03:53:35,35.5
03:53:40,30.1
03:53:45,27.9
03:53:50,28.2
03:53:55,31.4
03:54:00,28.7
03:54:05,27.9
03:54:10,30.7
03:54:15,27.5
03:54:20,29.6
03:54:25,29.2
03:54:30,29.8
03:54:35,30.8
03:54:40,29.6
03:54:45,29.5
03:54:50,29.4
03:54:55,32.5
03:55:00,26.5
03:55:05,29.1
03:55:10,28.3
03:55:15,32.4
03:55:20,29.4
03:55:25,26.2
03:55:30,32.0
03:55:35,28.0
03:55:40,27.2
03:55:45,28.2
03:55:50,29.4
03:55:55,27.7
03:56:00,33.6
03:56:05,28.1
03:56:10,29.4
03:56:15,30.2
03:56:20,31.8
03:56:25,29.6
03:56:30,30.1
03:56:35,30.3
03:56:40,30.8
03:56:45,32.7
03:56:50,32.8
03:56:55,25.0
03:57:00,31.9
03:57:05,30.6
03:57:10,29.4
03:57:15,29.4
03:57:20,31.0
03:57:25,29.8
03:57:30,29.8
03:57:35,29.6
03:57:40,26.0
03:57:45,28.0
03:57:50,32.9
03:57:55,32.1
03:58:00,29.2
03:58:05,25.5
03:58:10,35.8
03:58:15,30.4
03:58:20,28.2
03:58:25,30.6
03:58:30,33.5
03:58:35,31.3
03:58:40,30.4
03:58:45,29.4
03:58:50,28.5
03:58:55,31.0
03:59:00,29.0
03:59:05,27.9
03:59:10,30.3
03:59:15,28.9
03:59:20,30.3
03:59:25,28.1
03:59:30,31.8
03:59:35,29.5
03:59:40,29.3
03:59:45,30.2
03:59:50,34.7
03:59:55,30.2
04:00:00,31.6
04:00:05,29.1
04:00:10,31.0
04:00:15,30.9
04:00:20,32.5
04:00:25,27.4
04:00:30,30.4
04:00:35,31.0
04:00:40,30.1
04:00:45,31.1
04:00:50,29.2
04:00:55,30.5
04:01:00,29.5
04:01:05,28.5
04:01:10,30.8
04:01:15,29.9
04:01:20,28.5
04:01:25,31.5
04:01:30,28.8
04:01:35,28.6
04:01:40,28.1
04:01:45,29.4
04:01:50,25.0
04:01:55,28.9
04:02:00,30.9
04:02:05,29.3
04:02:10,26.4
04:02:15,26.6
04:02:20,31.9
04:02:25,25.9
04:02:30,29.3
04:02:35,28.9
04:02:40,32.8
04:02:45,28.2
04:02:50,29.6
04:02:55,29.0
04:03:00,29.1
04:03:05,29.2
04:03:10,29.7
04:03:15,30.9
04:03:20,29.9
04:03:25,28.8
04:03:30,30.7
04:03:35,27.5
04:03:40,29.9
04:03:45,27.5
04:03:50,30.3
04:03:55,31.5
04:04:00,32.2
04:04:05,30.9
04:04:10,29.5
04:04:15,30.0
04:04:20,31.5
04:04:25,31.2
04:04:30,29.5
04:04:35,28.2
04:04:40,29.4
04:04:45,31.9
04:04:50,28.2
04:04:55,28.6
04:05:00,31.9
04:05:05,29.8
04:05:10,30.3
04:05:15,27.7
04:05:20,29.3
04:05:25,31.0
04:05:30,31.3
04:05:35,26.7
04:05:40,29.9
04:05:45,28.9
04:05:50,30.2
04:05:55,30.9
04:06:00,33.2
04:06:05,31.7
04:06:10,30.4
04:06:15,34.8
04:06:20,30.0
04:06:25,30.0
04:06:30,30.5
04:06:35,27.7
04:06:40,28.8
04:06:45,30.0
04:06:50,31.7
04:06:55,29.4
04:07:00,32.5
04:07:05,28.0
04:07:10,28.8
04:07:15,31.8
04:07:20,32.6
04:07:25,28.4
04:07:30,31.0
04:07:35,31.6
04:07:40,27.9
04:07:45,28.8
04:07:50,30.9
04:07:55,26.6
04:08:00,32.1
04:08:05,31.7
04:08:10,32.4
04:08:15,29.3
04:08:20,29.7
04:08:25,29.3
04:08:30,31.0
04:08:35,29.6
04:08:40,30.8
04:08:45,28.3
04:08:50,29.6
04:08:55,27.4
04:09:00,32.1
04:09:05,29.9
04:09:10,30.7
04:09:15,30.1
04:09:20,26.7
04:09:25,30.9
04:09:30,30.1
04:09:35,29.1
04:09:40,35.6
04:09:45,28.6
04:09:50,32.6
04:09:55,31.2
04:10:00,32.4
04:10:05,30.5
04:10:10,32.0
04:10:15,26.1
04:10:20,29.4
04:10:25,29.6
04:10:30,31.4
04:10:35,29.8
04:10:40,28.1
04:10:45,28.1
04:10:50,28.9
04:10:55,31.9
04:11:00,30.0
04:11:05,33.4
04:11:10,30.9
04:11:15,31.6
04:11:20,29.1
04:11:25,30.0
04:11:30,29.9
04:11:35,30.3
04:11:40,32.0
04:11:45,30.4
04:11:50,29.1
04:11:55,33.4
04:12:00,26.3
04:12:05,28.0
04:12:10,31.4
04:12:15,44.5
04:12:20,31.9
04:12:25,31.6
04:12:30,26.5
04:12:35,26.5
04:12:40,30.0
04:12:45,28.2
04:12:50,29.2
04:12:55,29.6
04:13:00,28.8
04:13:05,34.9
04:13:10,32.1
04:13:15,34.7
04:13:20,25.3
04:13:25,26.2
04:13:30,30.8
04:13:35,31.8
04:13:40,30.3
04:13:45,32.5
04:13:50,34.2
04:13:55,28.4
04:14:00,27.6
04:14:05,30.8
04:14:10,29.8
04:14:15,29.2
04:14:20,31.8
04:14:25,29.2
04:14:30,31.9
04:14:35,31.5
04:14:40,30.8
04:14:45,33.0
04:14:50,31.4
04:14:55,31.5
04:15:00,32.1
04:15:05,30.7
04:15:10,30.7
04:15:15,28.5
04:15:20,36.1
04:15:25,31.3
04:15:30,31.0
04:15:35,31.3
04:15:40,30.9
04:15:45,26.4
04:15:50,31.8
04:15:55,30.4
04:16:00,29.3
04:16:05,30.5
04:16:10,29.6
04:16:15,30.2
04:16:20,28.9
04:16:25,30.7
04:16:30,31.7
04:16:35,31.4
04:16:40,34.2
04:16:45,28.4
04:16:50,28.2
04:16:55,28.8
04:17:00,29.4
04:17:05,30.3
04:17:10,32.3
04:17:15,26.9
04:17:20,28.9
04:17:25,29.4
04:17:30,32.4
04:17:35,29.4
04:17:40,30.5
04:17:45,33.3
04:17:50,31.9
04:17:55,32.1
04:18:00,35.3
04:18:05,28.1
04:18:10,33.7
04:18:15,30.6
04:18:20,31.5
04:18:25,27.2
04:18:30,32.5
04:18:35,32.4
04:18:40,33.2
04:18:45,30.3
04:18:50,29.0
04:18:55,27.4
04:19:00,29.7
04:19:05,32.0
04:19:10,32.2
04:19:15,27.0
04:19:20,33.2
04:19:25,28.4
04:19:30,29.3
04:19:35,31.2
04:19:40,29.3
04:19:45,32.1
04:19:50,26.9
04:19:55,29.7
04:20:00,30.2
04:20:05,31.8
04:20:10,29.7
04:20:15,28.1
04:20:20,27.7
04:20:25,25.0
04:20:30,26.6
04:20:35,29.6
04:20:40,31.6
04:20:45,30.2
04:20:50,32.1
04:20:55,34.2
04:21:00,32.1
04:21:05,33.9
04:21:10,29.0
04:21:15,33.0
04:21:20,28.0
04:21:25,31.0
04:21:30,33.5
04:21:35,33.1
04:21:40,32.2
04:21:45,29.7
04:21:50,32.8
04:21:55,31.3
04:22:00,28.0
04:22:05,29.9
04:22:10,29.0
04:22:15,29.2
04:22:20,27.1
04:22:25,29.1
04:22:30,33.5
04:22:35,34.0
04:22:40,28.9
04:22:45,28.5
04:22:50,27.8
04:22:55,31.6
04:23:00,28.7
04:23:05,30.5
04:23:10,30.8
04:23:15,32.3
04:23:20,25.7
04:23:25,28.7
04:23:30,31.8
04:23:35,34.2
04:23:40,29.8
04:23:45,32.1
04:23:50,32.0
04:23:55,30.4
04:24:00,32.6
04:24:05,25.0
04:24:10,27.3
04:24:15,26.2
04:24:20,32.0
04:24:25,26.7
04:24:30,29.3
04:24:35,31.5
04:24:40,29.7
04:24:45,34.1
04:24:50,31.7
04:24:55,31.3
04:25:00,28.1
04:25:05,30.8
04:25:10,28.0
04:25:15,27.4
04:25:20,30.1
04:25:25,27.8
04:25:30,29.8
04:25:35,29.6
04:25:40,33.9
04:25:45,32.2
04:25:50,29.5
04:25:55,27.6
04:26:00,28.1
04:26:05,28.7
04:26:10,29.0
04:26:15,27.0
04:26:20,30.7
04:26:25,31.8
04:26:30,35.0
04:26:35,27.9
04:26:40,34.2
04:26:45,32.8
04:26:50,28.3
04:26:55,31.9
04:27:00,27.8
04:27:05,30.1
04:27:10,30.3
04:27:15,29.4
04:27:20,26.6
04:27:25,29.0
04:27:30,32.6
04:27:35,29.2
04:27:40,30.0
04:27:45,27.5
04:27:50,31.6
04:27:55,29.1
04:28:00,29.3
04:28:05,29.7
04:28:10,33.0
04:28:15,26.8
04:28:20,31.0
04:28:25,31.4
04:28:30,29.8
04:28:35,28.3
04:28:40,29.4
04:28:45,28.2
04:28:50,37.5
04:28:55,29.0
04:29:00,31.5
04:29:05,30.7
04:29:10,29.8
04:29:15,28.6
04:29:20,28.4
04:29:25,35.5
04:29:30,32.4
04:29:35,31.5
04:29:40,33.6
04:29:45,32.8
04:29:50,29.8
04:29:55,31.0
04:30:00,33.2
04:30:05,30.3
04:30:10,28.9
04:30:15,31.6
04:30:20,27.4
04:30:25,30.6
04:30:30,29.3
04:30:35,31.9
04:30:40,32.0
04:30:45,28.2
04:30:50,29.7
04:30:55,29.4
04:31:00,32.8
04:31:05,29.4
04:31:10,31.1
04:31:15,28.2
04:31:20,30.7
04:31:25,29.0
04:31:30,27.2
04:31:35,28.2
04:31:40,27.5
04:31:45,32.0
04:31:50,29.4
04:31:55,26.7
04:32:00,28.9
04:32:05,30.8
04:32:10,33.5
04:32:15,30.1
04:32:20,29.4
04:32:25,29.1
04:32:30,30.2
04:32:35,28.9
04:32:40,30.4
04:32:45,28.6
04:32:50,26.3
04:32:55,28.9
04:33:00,30.2
04:33:05,26.4
04:33:10,29.9
04:33:15,26.9
04:33:20,29.7
04:33:25,30.9
04:33:30,27.8
04:33:35,30.9
04:33:40,27.3
04:33:45,34.3
04:33:50,31.8
04:33:55,34.2
04:34:00,28.1
04:34:05,30.2
04:34:10,28.7
04:34:15,30.4
04:34:20,33.3
04:34:25,33.1
04:34:30,29.0
04:34:35,27.5
04:34:40,29.6
04:34:45,27.7
04:34:50,31.4
04:34:55,28.3
04:35:00,33.5
04:35:05,27.3
04:35:10,31.4
04:35:15,32.1
04:35:20,27.5
04:35:25,29.4
04:35:30,31.5
04:35:35,33.2
04:35:40,31.5
04:35:45,33.0
04:35:50,28.6
04:35:55,32.7
04:36:00,37.4
04:36:05,27.6
04:36:10,31.3
04:36:15,31.3
04:36:20,25.0
04:36:25,28.9
04:36:30,26.6
04:36:35,30.2
04:36:40,30.6
04:36:45,29.8
04:36:50,32.0
04:36:55,31.8
04:37:00,29.8
04:37:05,32.9
04:37:10,30.4
04:37:15,27.9
04:37:20,29.1
04:37:25,32.6
04:37:30,29.2
04:37:35,28.6
04:37:40,28.2
04:37:45,26.0
04:37:50,30.3
04:37:55,34.8
04:38:00,29.2
04:38:05,30.3
04:38:10,31.4
04:38:15,30.3
04:38:20,31.7
04:38:25,29.4
04:38:30,28.9
04:38:35,29.2
04:38:40,29.4
04:38:45,30.6
04:38:50,32.9
04:38:55,29.8
04:39:00,30.5
04:39:05,28.7
04:39:10,30.1
04:39:15,29.4
04:39:20,30.4
04:39:25,26.3
04:39:30,32.0
04:39:35,27.9
04:39:40,29.1
04:39:45,29.6
04:39:50,27.1
04:39:55,31.6
04:40:00,31.9
04:40:05,31.5
04:40:10,31.7
04:40:15,31.4
04:40:20,28.6
04:40:25,33.2
04:40:30,33.0
04:40:35,30.2
04:40:40,29.2
04:40:45,30.2
04:40:50,25.0
04:40:55,31.4
04:41:00,30.6
04:41:05,28.9
04:41:10,33.7
04:41:15,32.8
04:41:20,29.0
04:41:25,27.7
04:41:30,29.2
04:41:35,31.5
04:41:40,30.2
04:41:45,31.2
04:41:50,29.2
04:41:55,31.9
04:42:00,31.6
04:42:05,29.4
04:42:10,32.3
04:42:15,34.9
04:42:20,28.9
04:42:25,27.9
04:42:30,31.1
04:42:35,32.3
04:42:40,31.1
04:42:45,32.5
04:42:50,30.8
04:42:55,30.1
04:43:00,30.4
04:43:05,29.9
04:43:10,27.3
04:43:15,30.4
04:43:20,28.6
04:43:25,28.1
04:43:30,31.6
04:43:35,27.5
04:43:40,29.1
04:43:45,28.6
04:43:50,31.0
04:43:55,28.5
04:44:00,31.3
04:44:05,29.4
04:44:10,31.5
04:44:15,30.0
04:44:20,30.2
04:44:25,30.9
04:44:30,28.1
04:44:35,29.3
04:44:40,28.6
04:44:45,31.8
04:44:50,29.6
04:44:55,28.1
04:45:00,29.9
04:45:05,29.3
04:45:10,32.5
04:45:15,29.4
04:45:20,34.2
04:45:25,30.6
04:45:30,30.1
04:45:35,32.0
04:45:40,29.3
04:45:45,32.1
04:45:50,30.7
04:45:55,31.0
04:46:00,32.2
04:46:05,25.0
04:46:10,29.9
04:46:15,29.9
04:46:20,31.2
04:46:25,28.5
04:46:30,31.8
04:46:35,31.2
04:46:40,30.1
04:46:45,32.3
04:46:50,29.4
04:46:55,27.9
04:47:00,33.2
04:47:05,29.7
04:47:10,29.2
04:47:15,32.2
04:47:20,33.4
04:47:25,31.3
04:47:30,30.0
04:47:35,30.2
04:47:40,31.5
04:47:45,30.3
04:47:50,29.8
04:47:55,29.3
04:48:00,29.4
04:48:05,33.9
04:48:10,31.6
04:48:15,30.7
04:48:20,31.7
04:48:25,26.7
04:48:30,31.0
04:48:35,29.8
04:48:40,32.3
04:48:45,31.1
04:48:50,30.5
04:48:55,31.5
04:49:00,30.6
04:49:05,30.5
04:49:10,41.7
04:49:15,30.2
04:49:20,30.6
04:49:25,32.0
04:49:30,31.5
04:49:35,31.7
04:49:40,32.3
04:49:45,31.4
04:49:50,31.8
04:49:55,34.4
04:50:00,34.5
04:50:05,35.5
04:50:10,32.6
04:50:15,34.8
04:50:20,33.1
04:50:25,32.8
04:50:30,32.6
04:50:35,34.6
04:50:40,33.4
04:50:45,31.1
04:50:50,35.8
04:50:55,35.1
04:51:00,34.4
04:51:05,31.1
04:51:10,34.0
04:51:15,32.4
04:51:20,30.0
04:51:25,32.5
04:51:30,32.9
04:51:35,30.2
04:51:40,31.5
04:51:45,31.5
04:51:50,30.9
04:51:55,28.5
04:52:00,32.9
04:52:05,29.8
04:52:10,35.4
04:52:15,33.4
04:52:20,31.8
04:52:25,33.1
04:52:30,34.1
04:52:35,31.9
04:52:40,34.6
04:52:45,30.1
04:52:50,30.4
04:52:55,33.3
04:53:00,31.4
04:53:05,29.7
04:53:10,28.7
04:53:15,31.1
04:53:20,32.3
04:53:25,29.8
04:53:30,36.1
04:53:35,28.9
04:53:40,29.9
04:53:45,30.3
04:53:50,31.7
04:53:55,32.3
04:54:00,32.3
04:54:05,33.0
04:54:10,33.9
04:54:15,32.7
04:54:20,32.5
04:54:25,33.0
04:54:30,32.4
04:54:35,33.9
04:54:40,30.1
04:54:45,32.5
04:54:50,31.9
04:54:55,31.1
04:55:00,32.4
04:55:05,34.1
04:55:10,31.1
04:55:15,34.8
04:55:20,32.8
04:55:25,32.5
04:55:30,32.8
04:55:35,27.3
04:55:40,31.7
04:55:45,31.0
04:55:50,30.1
04:55:55,32.2
04:56:00,31.2
04:56:05,32.6
04:56:10,34.1
04:56:15,32.4
04:56:20,31.5
04:56:25,30.0
04:56:30,30.3
04:56:35,32.6
04:56:40,30.6
04:56:45,27.7
04:56:50,32.9
04:56:55,30.9
04:57:00,31.1
04:57:05,34.1
04:57:10,35.1
04:57:15,33.4
04:57:20,33.3
04:57:25,31.7
04:57:30,31.5
04:57:35,32.4
04:57:40,31.4
04:57:45,29.5
04:57:50,35.0
04:57:55,31.7
04:58:00,32.1
04:58:05,32.2
04:58:10,28.8
04:58:15,32.7
04:58:20,32.2
04:58:25,34.1
04:58:30,29.4
04:58:35,30.5
04:58:40,32.3
04:58:45,31.8
04:58:50,32.1
04:58:55,31.8
04:59:00,37.2
04:59:05,33.9
04:59:10,31.7
04:59:15,32.0
04:59:20,31.2
04:59:25,35.9
04:59:30,33.2
04:59:35,32.0
04:59:40,31.5
04:59:45,29.8
04:59:50,31.9
04:59:55,30.0
05:00:00,29.7
05:00:05,32.2
05:00:10,28.4
05:00:15,28.7
05:00:20,30.7
05:00:25,30.3
05:00:30,29.9
05:00:35,32.4
05:00:40,33.1
05:00:45,32.6
05:00:50,34.7
05:00:55,31.1
05:01:00,34.2
05:01:05,31.6
05:01:10,35.2
05:01:15,37.0
05:01:20,29.5
05:01:25,29.7
05:01:30,32.3
05:01:35,32.4
05:01:40,32.4
05:01:45,31.3
05:01:50,30.1
05:01:55,35.4
05:02:00,30.7
05:02:05,29.0
05:02:10,30.3
05:02:15,31.8
05:02:20,34.3
05:02:25,33.0
05:02:30,36.2
05:02:35,31.7
05:02:40,30.5
05:02:45,29.7
05:02:50,34.1
05:02:55,36.2
05:03:00,33.3
05:03:05,30.7
05:03:10,34.2
05:03:15,35.7
05:03:20,33.8
05:03:25,27.5
05:03:30,33.7
05:03:35,35.4
05:03:40,29.8
05:03:45,32.3
05:03:50,30.2
05:03:55,42.8
05:04:00,45.1
05:04:05,32.5
05:04:10,29.6
05:04:15,28.3
05:04:20,30.8
05:04:25,31.5
05:04:30,29.0
05:04:35,30.6
05:04:40,32.3
05:04:45,34.3
05:04:50,30.4
05:04:55,31.3
05:05:00,33.9
05:05:05,33.3
05:05:10,34.6
05:05:15,33.6
05:05:20,31.6
05:05:25,32.1
05:05:30,28.6
05:05:35,29.9
05:05:40,37.0
05:05:45,30.3
05:05:50,29.7
05:05:55,32.8
05:06:00,30.5
05:06:05,27.2
05:06:10,31.2
05:06:15,31.3
05:06:20,29.2
05:06:25,30.7
05:06:30,31.0
05:06:35,33.3
05:06:40,31.3
05:06:45,30.4
05:06:50,34.6
05:06:55,32.6
05:07:00,30.1
05:07:05,37.6
05:07:10,35.0
05:07:15,29.2
05:07:20,31.3
05:07:25,34.5
05:07:30,33.2
05:07:35,33.4
05:07:40,34.6
05:07:45,31.5
05:07:50,34.2
05:07:55,29.0
05:08:00,31.7
05:08:05,33.0
05:08:10,32.1
05:08:15,33.6
05:08:20,32.9
05:08:25,30.9
05:08:30,29.6
05:08:35,30.3
05:08:40,29.9
05:08:45,39.5
05:08:50,33.4
05:08:55,32.7
05:09:00,28.7
05:09:05,34.2
05:09:10,29.4
05:09:15,31.7
05:09:20,30.8
05:09:25,38.5
05:09:30,29.5
05:09:35,28.4
05:09:40,33.3
05:09:45,29.0
05:09:50,32.0
05:09:55,29.6
05:10:00,31.6
05:10:05,37.0
05:10:10,29.5
05:10:15,33.6
05:10:20,34.2
05:10:25,30.7
05:10:30,32.1
05:10:35,30.5
05:10:40,32.6
05:10:45,34.1
05:10:50,36.4
05:10:55,36.7
05:11:00,31.1
05:11:05,32.0
05:11:10,32.7
05:11:15,29.7
05:11:20,30.8
05:11:25,30.8
05:11:30,33.2
05:11:35,33.6
05:11:40,31.9
05:11:45,32.2
05:11:50,28.6
05:11:55,34.4
05:12:00,32.7
05:12:05,35.8
05:12:10,31.9
05:12:15,36.0
05:12:20,33.8
05:12:25,32.1
05:12:30,33.6
05:12:35,34.4
05:12:40,31.7
05:12:45,30.2
05:12:50,32.5
05:12:55,34.6
05:13:00,30.2
05:13:05,34.8
05:13:10,34.8
05:13:15,32.6
05:13:20,33.1
05:13:25,29.5
05:13:30,35.9
05:13:35,28.2
05:13:40,30.3
05:13:45,32.1
05:13:50,29.9
05:13:55,46.1
05:14:00,32.3
05:14:05,33.7
05:14:10,31.1
05:14:15,30.8
05:14:20,31.6
05:14:25,34.2
05:14:30,31.9
05:14:35,32.2
05:14:40,32.9
05:14:45,31.1
05:14:50,30.5
05:14:55,32.9
05:15:00,30.0
05:15:05,35.5
05:15:10,35.8
05:15:15,32.0
05:15:20,33.8
05:15:25,33.3
05:15:30,29.2
05:15:35,30.4
05:15:40,30.9
05:15:45,29.1
05:15:50,34.9
05:15:55,29.4
05:16:00,27.3
05:16:05,31.8
05:16:10,33.8
05:16:15,33.6
05:16:20,30.7
05:16:25,31.3
05:16:30,30.4
05:16:35,32.5
05:16:40,30.9
05:16:45,32.6
05:16:50,30.1
05:16:55,33.8
05:17:00,34.5
05:17:05,29.3
05:17:10,33.6
05:17:15,33.2
05:17:20,32.7
05:17:25,29.8
05:17:30,31.8
05:17:35,31.3
05:17:40,29.9
05:17:45,34.6
05:17:50,33.5
05:17:55,34.0
05:18:00,31.8
05:18:05,34.7
05:18:10,34.7
05:18:15,34.8
05:18:20,35.9
05:18:25,35.1
05:18:30,33.5
05:18:35,32.9
05:18:40,30.9
05:18:45,32.3
05:18:50,33.1
05:18:55,32.6
05:19:00,37.9
05:19:05,34.0
05:19:10,31.7
05:19:15,29.6
05:19:20,34.9
05:19:25,31.1
05:19:30,30.0
05:19:35,31.2
05:19:40,34.0
05:19:45,32.2
05:19:50,29.1
05:19:55,32.3
05:20:00,32.9
05:20:05,32.0
05:20:10,31.4
05:20:15,29.5
05:20:20,32.1
05:20:25,30.3
05:20:30,29.1
05:20:35,30.2
05:20:40,27.3
05:20:45,34.5
05:20:50,31.4
05:20:55,27.8
05:21:00,32.4
05:21:05,34.4
05:21:10,31.7
05:21:15,29.0
05:21:20,32.6
05:21:25,32.8
05:21:30,33.4
05:21:35,34.7
05:21:40,33.4
05:21:45,34.4
05:21:50,28.5
05:21:55,27.8
05:22:00,35.0
05:22:05,33.1
05:22:10,36.6
05:22:15,31.7
05:22:20,32.7
05:22:25,29.7
05:22:30,29.7
05:22:35,31.0
05:22:40,32.0
05:22:45,32.2
05:22:50,31.4
05:22:55,33.0
05:23:00,28.0
05:23:05,35.1
05:23:10,33.7
05:23:15,33.5
05:23:20,28.5
05:23:25,33.9
05:23:30,36.6
05:23:35,31.1
05:23:40,36.0
05:23:45,34.3
05:23:50,32.0
05:23:55,28.3
05:24:00,29.9
05:24:05,31.4
05:24:10,29.7
05:24:15,33.4
05:24:20,29.4
05:24:25,29.0
05:24:30,32.4
05:24:35,33.4
05:24:40,33.0
05:24:45,31.9
05:24:50,29.8
05:24:55,30.4
05:25:00,30.1
05:25:05,31.1
05:25:10,27.7
05:25:15,31.8
05:25:20,31.1
05:25:25,29.8
05:25:30,35.3
05:25:35,31.6
05:25:40,28.1
05:25:45,33.9
05:25:50,33.3
05:25:55,31.7
05:26:00,33.7
05:26:05,33.1
05:26:10,34.1
05:26:15,29.1
05:26:20,30.5
05:26:25,32.1
05:26:30,37.6
05:26:35,34.6
05:26:40,32.5
05:26:45,32.2
05:26:50,33.8
05:26:55,33.8
05:27:00,32.0
05:27:05,30.1
05:27:10,34.3
05:27:15,33.8
05:27:20,30.6
05:27:25,31.1
05:27:30,31.3
05:27:35,32.8
05:27:40,34.9
05:27:45,33.4
05:27:50,31.8
05:27:55,27.2
05:28:00,34.6
05:28:05,31.7
05:28:10,43.9
05:28:15,34.5
05:28:20,32.8
05:28:25,32.3
05:28:30,28.1
05:28:35,35.8
05:28:40,37.6
05:28:45,32.9
05:28:50,28.2
05:28:55,28.3
05:29:00,33.7
05:29:05,35.2
05:29:10,33.4
05:29:15,33.3
05:29:20,31.5
05:29:25,33.0
05:29:30,34.4
05:29:35,31.4
05:29:40,36.4
05:29:45,34.6
05:29:50,31.1
05:29:55,34.9
05:30:00,31.0
05:30:05,33.8
05:30:10,31.7
05:30:15,33.7
05:30:20,31.5
05:30:25,35.3
05:30:30,32.4
05:30:35,35.1
05:30:40,29.7
05:30:45,30.8
05:30:50,33.2
05:30:55,34.1
05:31:00,37.5
05:31:05,29.5
05:31:10,31.8
05:31:15,35.0
05:31:20,31.6
05:31:25,30.2
05:31:30,33.2
05:31:35,31.7
05:31:40,31.3
05:31:45,34.4
05:31:50,31.1
05:31:55,34.4
05:32:00,33.5
05:32:05,32.5
05:32:10,31.7
05:32:15,31.0
05:32:20,29.8
05:32:25,35.2
05:32:30,37.0
05:32:35,32.9
05:32:40,30.6
05:32:45,33.2
05:32:50,33.9
05:32:55,32.7
05:33:00,33.3
05:33:05,30.7
05:33:10,30.2
05:33:15,33.4
05:33:20,30.3
05:33:25,29.9
05:33:30,28.7
05:33:35,27.2
05:33:40,34.9
05:33:45,31.8
05:33:50,32.5
05:33:55,30.6
05:34:00,30.3
05:34:05,29.7
05:34:10,31.0
05:34:15,29.6
05:34:20,32.9
05:34:25,32.9
05:34:30,34.1
05:34:35,33.2
05:34:40,32.1
05:34:45,28.9
05:34:50,32.8
05:34:55,31.7
05:35:00,32.9
05:35:05,30.9
05:35:10,31.3
05:35:15,30.1
05:35:20,32.2
05:35:25,32.6
05:35:30,31.3
05:35:35,34.1
05:35:40,31.9
05:35:45,28.7
05:35:50,31.2
05:35:55,30.7
05:36:00,34.0
05:36:05,35.4
05:36:10,31.0
05:36:15,35.2
05:36:20,34.1
05:36:25,32.7
05:36:30,27.9
05:36:35,31.6
05:36:40,30.3
05:36:45,29.3
05:36:50,30.8
05:36:55,32.3
05:37:00,36.6
05:37:05,31.1
05:37:10,30.0
05:37:15,31.8
05:37:20,32.7
05:37:25,32.2
05:37:30,31.7
05:37:35,28.0
05:37:40,33.6
05:37:45,33.9
05:37:50,30.2
05:37:55,28.2
05:38:00,30.2
05:38:05,34.1
05:38:10,36.2
05:38:15,34.3
05:38:20,32.6
05:38:25,32.2
05:38:30,30.0
05:38:35,32.8
05:38:40,28.5
05:38:45,31.8
05:38:50,35.2
05:38:55,29.7
05:39:00,34.0
05:39:05,31.5
05:39:10,29.1
05:39:15,34.5
05:39:20,30.6
05:39:25,27.6
05:39:30,34.1
05:39:35,31.5
05:39:40,36.3
05:39:45,32.1
05:39:50,34.5
05:39:55,33.2
05:40:00,29.9
05:40:05,34.7
05:40:10,32.3
05:40:15,34.3
05:40:20,30.9
05:40:25,30.2
05:40:30,31.7
05:40:35,30.4
05:40:40,31.2
05:40:45,34.5
05:40:50,32.7
05:40:55,35.3
05:41:00,32.5
05:41:05,30.5
05:41:10,34.8
05:41:15,34.9
05:41:20,33.7
05:41:25,33.4
05:41:30,33.1
05:41:35,33.6
05:41:40,30.0
05:41:45,32.6
05:41:50,31.6
05:41:55,33.1
05:42:00,28.4
05:42:05,34.4
05:42:10,32.3
05:42:15,31.1
05:42:20,31.9
05:42:25,30.1
05:42:30,32.3
05:42:35,30.3
05:42:40,35.2
05:42:45,30.5
05:42:50,39.4
05:42:55,31.7
05:43:00,32.5
05:43:05,30.3
05:43:10,34.4
05:43:15,32.2
05:43:20,28.1
05:43:25,29.5
05:43:30,33.4
05:43:35,31.7
05:43:40,34.7
05:43:45,31.8
05:43:50,32.7
05:43:55,30.3
05:44:00,33.0
05:44:05,32.2
05:44:10,30.8
05:44:15,30.7
05:44:20,31.8
05:44:25,33.9
05:44:30,27.9
05:44:35,34.2
05:44:40,33.1
05:44:45,28.0
05:44:50,33.2
05:44:55,33.4
05:45:00,31.7
05:45:05,31.1
05:45:10,34.6
05:45:15,28.9
05:45:20,31.1
05:45:25,29.6
05:45:30,29.7
05:45:35,37.0
05:45:40,29.0
05:45:45,30.3
05:45:50,33.3
05:45:55,33.7
05:46:00,35.3
05:46:05,33.3
05:46:10,38.7
05:46:15,32.6
05:46:20,30.0
05:46:25,29.8
05:46:30,34.2
05:46:35,29.2
05:46:40,31.3
05:46:45,31.7
05:46:50,33.8
05:46:55,32.1
05:47:00,29.7
05:47:05,33.3
05:47:10,31.9
05:47:15,30.2
05:47:20,30.2
05:47:25,32.4
05:47:30,34.8
05:47:35,33.4
05:47:40,33.4
05:47:45,29.8
05:47:50,36.2
05:47:55,28.5
05:48:00,32.7
05:48:05,33.0
05:48:10,30.0
05:48:15,32.5
05:48:20,30.9
05:48:25,30.2
05:48:30,31.7
05:48:35,30.6
05:48:40,34.8
05:48:45,31.5
05:48:50,29.8
05:48:55,34.6
05:49:00,33.5
05:49:05,36.2
05:49:10,33.2
05:49:15,33.7
05:49:20,32.4
05:49:25,32.1
05:49:30,32.0
05:49:35,36.8
05:49:40,29.2
05:49:45,36.5
05:49:50,31.9
05:49:55,31.5
05:50:00,33.7
05:50:05,31.1
05:50:10,32.7
05:50:15,33.4
05:50:20,32.0
05:50:25,33.5
05:50:30,30.7
05:50:35,33.7
05:50:40,33.2
05:50:45,33.3
05:50:50,31.2
05:50:55,30.9
05:51:00,33.8
05:51:05,33.8
05:51:10,31.8
05:51:15,31.0
05:51:20,33.1
05:51:25,31.6
05:51:30,30.8
05:51:35,35.9
05:51:40,36.2
05:51:45,32.7
05:51:50,32.0
05:51:55,33.1
05:52:00,33.0
05:52:05,27.9
05:52:10,36.2
05:52:15,30.9
05:52:20,31.2
05:52:25,31.5
05:52:30,32.2
05:52:35,33.9
05:52:40,32.9
05:52:45,32.8
05:52:50,30.5
05:52:55,36.1
05:53:00,30.6
05:53:05,30.4
05:53:10,32.8
05:53:15,30.6
05:53:20,35.6
05:53:25,33.6
05:53:30,33.9
05:53:35,27.7
05:53:40,30.2
05:53:45,33.6
05:53:50,34.3
05:53:55,25.7
05:54:00,36.1
05:54:05,32.5
05:54:10,31.8
05:54:15,30.6
05:54:20,33.7
05:54:25,31.5
05:54:30,33.4
05:54:35,32.8
05:54:40,31.0
05:54:45,34.2
05:54:50,33.3
05:54:55,31.9
05:55:00,28.5
05:55:05,34.4
05:55:10,33.7
05:55:15,30.6
05:55:20,29.0
05:55:25,29.3
05:55:30,30.0
05:55:35,29.9
05:55:40,33.2
05:55:45,35.0
05:55:50,32.7
05:55:55,32.1
05:56:00,34.2
05:56:05,32.6
05:56:10,30.2
05:56:15,32.5
05:56:20,33.0
05:56:25,30.4
05:56:30,29.1
05:56:35,34.5
05:56:40,31.4
05:56:45,33.2
05:56:50,37.5
05:56:55,36.0
05:57:00,36.0
05:57:05,33.6
05:57:10,31.8
05:57:15,28.7
05:57:20,30.4
05:57:25,33.4
05:57:30,32.9
05:57:35,28.8
05:57:40,33.8
05:57:45,32.3
05:57:50,33.3
05:57:55,33.5
05:58:00,31.0
05:58:05,30.7
05:58:10,34.6
05:58:15,33.5
05:58:20,34.4
05:58:25,32.0
05:58:30,30.4
05:58:35,36.4
05:58:40,31.5
05:58:45,35.7
05:58:50,33.6
05:58:55,33.1
05:59:00,32.9
05:59:05,32.9
05:59:10,34.6
05:59:15,35.3
05:59:20,33.5
05:59:25,33.4
05:59:30,37.4
05:59:35,35.6
05:59:40,30.2
05:59:45,38.5
05:59:50,37.3
05:59:55,32.0
06:00:00,35.9
06:00:05,28.7
06:00:10,33.3
06:00:15,33.1
06:00:20,35.7
06:00:25,34.4
06:00:30,33.0
06:00:35,34.2
06:00:40,29.6
06:00:45,32.1
06:00:50,29.1
06:00:55,33.4
06:01:00,31.7
06:01:05,32.9
06:01:10,32.1
06:01:15,31.2
06:01:20,31.7
06:01:25,36.5
06:01:30,32.9
06:01:35,33.0
06:01:40,33.6
06:01:45,34.2
06:01:50,34.1
06:01:55,32.2
06:02:00,35.4
06:02:05,30.9
06:02:10,29.8
06:02:15,32.0
06:02:20,34.1
06:02:25,33.3
06:02:30,32.2
06:02:35,35.8
06:02:40,28.2
06:02:45,29.4
06:02:50,26.3
06:02:55,31.3
06:03:00,33.7
06:03:05,31.6
06:03:10,32.1
06:03:15,36.1
06:03:20,29.9
06:03:25,42.0
06:03:30,34.5
06:03:35,31.6
06:03:40,30.0
06:03:45,35.7
06:03:50,33.5
06:03:55,34.1
06:04:00,32.5
06:04:05,35.8
06:04:10,30.9
06:04:15,31.4
06:04:20,32.0
06:04:25,34.0
06:04:30,34.2
06:04:35,31.5
06:04:40,28.3
06:04:45,31.7
06:04:50,35.5
06:04:55,32.2
06:05:00,35.0
06:05:05,32.6
06:05:10,31.6
06:05:15,30.4
06:05:20,32.6
06:05:25,32.4
06:05:30,35.3
06:05:35,33.7
06:05:40,28.9
06:05:45,35.1
06:05:50,31.3
06:05:55,35.0
06:06:00,31.4
06:06:05,36.4
06:06:10,35.6
06:06:15,33.8
06:06:20,31.6
06:06:25,33.1
06:06:30,37.0
06:06:35,34.3
06:06:40,34.8
06:06:45,34.2
06:06:50,31.7
06:06:55,29.9
06:07:00,34.3
06:07:05,28.5
06:07:10,33.1
06:07:15,32.3
06:07:20,34.1
06:07:25,31.6
06:07:30,34.2
06:07:35,33.4
06:07:40,31.7
06:07:45,31.4
06:07:50,32.5
06:07:55,31.5
06:08:00,30.3
06:08:05,33.2
06:08:10,36.0
06:08:15,36.1
06:08:20,31.6
06:08:25,31.4
06:08:30,30.0
06:08:35,35.4
06:08:40,35.5
06:08:45,33.8
06:08:50,31.5
06:08:55,30.9
06:09:00,31.6
06:09:05,34.0
06:09:10,33.2
06:09:15,32.1
06:09:20,33.0
06:09:25,32.9
06:09:30,32.3
06:09:35,30.0
06:09:40,34.3
06:09:45,33.9
06:09:50,28.9
06:09:55,30.8
06:10:00,36.2
06:10:05,30.6
06:10:10,31.7
06:10:15,35.0
06:10:20,32.2
06:10:25,33.7
06:10:30,31.6
06:10:35,31.9
06:10:40,33.6
06:10:45,33.2
06:10:50,32.7
06:10:55,29.9
06:11:00,33.6
06:11:05,33.0
06:11:10,29.7
06:11:15,30.6
06:11:20,34.1
06:11:25,32.8
06:11:30,28.1
06:11:35,29.5
06:11:40,34.2
06:11:45,30.6
06:11:50,37.9
06:11:55,29.6
06:12:00,31.9
06:12:05,33.1
06:12:10,30.6
06:12:15,29.2
06:12:20,34.2
06:12:25,32.5
06:12:30,32.8
06:12:35,34.3
06:12:40,30.6
06:12:45,31.6
06:12:50,34.7
06:12:55,33.8
06:13:00,32.7
06:13:05,31.7
06:13:10,34.2
06:13:15,32.2
06:13:20,36.9
06:13:25,35.2
06:13:30,32.7
06:13:35,29.8
06:13:40,32.8
06:13:45,35.2
06:13:50,36.7
06:13:55,31.8
06:14:00,34.1
06:14:05,32.2
06:14:10,35.2
06:14:15,33.8
06:14:20,33.5
06:14:25,33.3
06:14:30,34.4
06:14:35,35.8
06:14:40,32.9
06:14:45,30.8
06:14:50,34.7
06:14:55,34.7
06:15:00,32.9
06:15:05,33.9
06:15:10,35.4
06:15:15,33.5
06:15:20,32.4
06:15:25,36.1
06:15:30,31.3
06:15:35,29.4
06:15:40,34.8
06:15:45,34.7
06:15:50,32.9
06:15:55,33.6
06:16:00,34.5
06:16:05,34.4
06:16:10,30.8
06:16:15,33.0
06:16:20,34.8
06:16:25,33.6
06:16:30,30.1
06:16:35,31.2
06:16:40,33.3
06:16:45,33.6
06:16:50,30.4
06:16:55,30.5
06:17:00,33.0
06:17:05,31.6
06:17:10,32.0
06:17:15,33.4
06:17:20,34.0
06:17:25,33.9
06:17:30,30.3
06:17:35,29.6
06:17:40,31.4
06:17:45,34.6
06:17:50,34.1
06:17:55,31.6
06:18:00,31.6
06:18:05,33.6
06:18:10,30.1
06:18:15,31.6
06:18:20,35.7
06:18:25,29.5
06:18:30,33.5
06:18:35,35.8
06:18:40,34.1
06:18:45,34.0
06:18:50,33.1
06:18:55,32.7
06:19:00,30.2
06:19:05,34.1
06:19:10,34.0
06:19:15,30.1
06:19:20,34.6
06:19:25,35.1
06:19:30,36.0
06:19:35,33.8
06:19:40,34.6
06:19:45,35.4
06:19:50,31.8
06:19:55,32.8
06:20:00,29.5
06:20:05,31.2
06:20:10,30.6
06:20:15,30.6
06:20:20,36.9
06:20:25,30.1
06:20:30,33.6
06:20:35,30.1
06:20:40,31.6
06:20:45,29.0
06:20:50,34.6
06:20:55,34.1
06:21:00,35.2
06:21:05,35.1
06:21:10,31.7
06:21:15,31.8
06:21:20,31.5
06:21:25,36.4
06:21:30,30.6
06:21:35,37.3
06:21:40,35.5
06:21:45,32.5
06:21:50,30.5
06:21:55,34.0
06:22:00,32.7
06:22:05,30.9
06:22:10,31.9
06:22:15,33.2
06:22:20,33.7
06:22:25,36.3
06:22:30,36.1
06:22:35,30.6
06:22:40,31.3
06:22:45,31.5
06:22:50,31.1
06:22:55,34.9
06:23:00,39.7
06:23:05,32.4
06:23:10,34.4
06:23:15,34.8
06:23:20,34.8
06:23:25,35.1
06:23:30,30.8
06:23:35,32.7
06:23:40,35.9
06:23:45,36.4
06:23:50,33.4
06:23:55,34.7
06:24:00,35.0
06:24:05,31.8
06:24:10,35.9
06:24:15,31.1
06:24:20,28.3
06:24:25,37.1
06:24:30,33.4
06:24:35,32.5
06:24:40,33.0
06:24:45,32.7
06:24:50,28.8
06:24:55,32.2
06:25:00,31.6
06:25:05,33.6
06:25:10,35.7
06:25:15,31.2
06:25:20,30.7
06:25:25,37.7
06:25:30,33.6
06:25:35,33.7
06:25:40,32.2
06:25:45,34.0
06:25:50,30.0
06:25:55,33.8
06:26:00,35.0
06:26:05,34.3
06:26:10,34.9
06:26:15,35.9
06:26:20,31.5
06:26:25,33.6
06:26:30,35.5
06:26:35,34.7
06:26:40,33.1
06:26:45,32.1
06:26:50,32.4
06:26:55,32.6
06:27:00,32.4
06:27:05,34.8
06:27:10,33.2
06:27:15,31.5
06:27:20,31.5
06:27:25,32.6
06:27:30,29.8
06:27:35,33.0
06:27:40,37.1
06:27:45,30.9
06:27:50,31.7
06:27:55,34.3
06:28:00,32.6
06:28:05,31.9
06:28:10,32.3
06:28:15,32.5
06:28:20,34.4
06:28:25,35.7
06:28:30,30.1
06:28:35,31.8
06:28:40,33.5
06:28:45,33.1
06:28:50,36.6
06:28:55,32.1
06:29:00,28.9
06:29:05,33.6
06:29:10,37.3
06:29:15,34.2
06:29:20,31.2
06:29:25,28.9
06:29:30,32.7
06:29:35,35.0
06:29:40,31.0
06:29:45,31.7
06:29:50,35.4
06:29:55,29.2
06:30:00,32.2
06:30:05,33.6
06:30:10,32.1
06:30:15,33.1
06:30:20,37.9
06:30:25,36.7
06:30:30,32.3
06:30:35,30.4
06:30:40,35.7
06:30:45,32.4
06:30:50,32.1
06:30:55,35.7
06:31:00,33.3
06:31:05,31.1
06:31:10,33.1
06:31:15,34.8
06:31:20,36.4
06:31:25,33.1
06:31:30,31.4
06:31:35,33.9
06:31:40,32.1
06:31:45,32.5
06:31:50,35.6
06:31:55,34.9
06:32:00,31.4
06:32:05,30.0
06:32:10,36.1
06:32:15,31.8
06:32:20,34.4
06:32:25,35.2
06:32:30,30.9
06:32:35,30.3
06:32:40,30.0
06:32:45,30.1
06:32:50,31.8
06:32:55,34.0
06:33:00,31.0
06:33:05,32.7
06:33:10,33.8
06:33:15,33.1
06:33:20,36.1
06:33:25,30.8
06:33:30,36.9
06:33:35,35.5
06:33:40,32.8
06:33:45,32.7
06:33:50,34.9
06:33:55,33.2
06:34:00,30.3
06:34:05,33.1
06:34:10,31.6
06:34:15,30.9
06:34:20,33.9
06:34:25,32.8
06:34:30,32.2
06:34:35,31.6
06:34:40,29.5
06:34:45,36.7
06:34:50,36.3
06:34:55,34.4
06:35:00,31.3
06:35:05,35.5
06:35:10,37.7
06:35:15,31.8
06:35:20,33.8
06:35:25,35.7
06:35:30,33.4
06:35:35,35.3
06:35:40,33.8
06:35:45,32.2
06:35:50,33.9
06:35:55,36.3
06:36:00,34.9
06:36:05,32.0
06:36:10,33.9
06:36:15,34.6
06:36:20,32.1
06:36:25,34.2
06:36:30,31.8
06:36:35,31.1
06:36:40,31.1
06:36:45,35.4
06:36:50,30.5
06:36:55,39.6
06:37:00,31.4
06:37:05,32.4
06:37:10,32.3
06:37:15,34.9
06:37:20,33.9
06:37:25,33.1
06:37:30,31.3
06:37:35,33.4
06:37:40,33.5
06:37:45,33.4
06:37:50,35.0
06:37:55,35.1
06:38:00,30.8
06:38:05,33.6
06:38:10,34.4
06:38:15,33.8
06:38:20,33.5
06:38:25,32.4
06:38:30,33.4
06:38:35,32.8
06:38:40,37.4
06:38:45,36.8
06:38:50,32.4
06:38:55,32.7
06:39:00,29.7
06:39:05,33.6
06:39:10,33.8
06:39:15,38.3
06:39:20,27.7
06:39:25,33.8
06:39:30,31.6
06:39:35,31.1
06:39:40,32.8
06:39:45,33.2
06:39:50,34.2
06:39:55,33.1
06:40:00,33.3
06:40:05,31.7
06:40:10,46.7
06:40:15,31.0
06:40:20,35.7
06:40:25,33.2
06:40:30,35.6
06:40:35,37.2
06:40:40,30.6
06:40:45,28.8
06:40:50,29.3
06:40:55,34.5
06:41:00,33.4
06:41:05,32.0
06:41:10,29.7
06:41:15,32.3
06:41:20,36.8
06:41:25,33.8
06:41:30,31.6
06:41:35,32.2
06:41:40,33.6
06:41:45,35.8
06:41:50,27.7
06:41:55,30.2
06:42:00,30.7
06:42:05,29.0
06:42:10,29.7
06:42:15,31.8
06:42:20,32.6
06:42:25,35.0
06:42:30,32.5
06:42:35,33.4
06:42:40,31.1
06:42:45,32.5
06:42:50,32.2
06:42:55,32.2
06:43:00,35.6
06:43:05,32.4
06:43:10,33.5
06:43:15,29.9
06:43:20,32.7
06:43:25,32.0
06:43:30,35.9
06:43:35,35.5
06:43:40,37.2
06:43:45,29.1
06:43:50,33.7
06:43:55,33.6
06:44:00,31.1
06:44:05,36.6
06:44:10,30.7
06:44:15,29.5
06:44:20,31.8
06:44:25,35.8
06:44:30,34.3
06:44:35,33.4
06:44:40,30.0
06:44:45,28.3
06:44:50,34.2
06:44:55,29.7
